candidate_id,mpid,full_name,photo_url,birthdate,gender,ethnicity,religion,education,occupation,ward_village,house,state,constituency_name,constituency_number,ST_PCODE,DT_PCODE,TS_PCODE,AM_PCODE,party,independent_logo,father,father_nationality,father_religion,mother,mother_nationality,mother_religion,votes,election
3462f649362cae95f8cfb5b13a1a7055,,ဦးဇိုပဲန်း (Pu Zo Peng),https://storage.googleapis.com/staticassets/candidate-photos/2017/AMT_PuZoPan.PNG,2/20/1959,M,ချင်း,ခရစ်ယာန်,B.Sc (Maths),တောင်သူ,အမှတ်စဉ် (၂),အမျိုးသားလွှတ်တော်,ချင်း,ချင်း,3,MMR004,,,MMR004HLA003,ပြည်ထောင်စုကြံ့ခိုင်ရေးနှင့်ဖွံ့ဖြိုးရေးပါတီ,,တ.က.က ဦးဆန်ငန်း (ကွယ်လွန်) (Pu Sang Ngan),ချင်း,ခရစ်ယာန်,ဒေါ်မာကေး (ကွယ်လွန်) (Pi Ma Ke),ချင်း,ခရစ်ယာန်,-1,2017ByElection
473434fcf90aa219f32dc2c3aa1c9788,,ဦးဘွဲခိန်း (Pu Bawi Khing),https://storage.googleapis.com/staticassets/candidate-photos/2017/AMT_PuBawiKhing.PNG,10/14/1946,M,ချင်း,ခရစ်ယာန်,၁၀တန်းအောင်၊ အဝေးသင် (B.Th.MA),စိုက်ပျိုးရေ:မြို့နယ်မန်နေဂျာ (ငြိမ်း),အမှတ်စဉ် (၂)ရပ်၊ထန်တလန်မြို့,အမျိုးသားလွှတ်တော်,ချင်း,ချင်း,3,MMR004,,,MMR004HLA003,အမျိုးသားဒီမိုကရေစီအဖွဲ့ချုပ်ပါတီ,,ဦးနွှမ်းဟရန် (Pu Hnom Hrang) (ကွယ်လွန်),ချင်း,ခရစ်ယာန်,ဒေါ်ပါရ်ကီလ် (Pi Par Kil)(ကွယ်လွန်),ချင်း,ခရစ်ယာန်,9242,2017ByElection
c7eba53c08ef6ce4ea16310390393da8,,ဒေါ်ဇာတလဲမ် (Pi Za Tlem),https://storage.cloud.google.com/staticassets/candidate-photos/2017/AMT_PiZaTlem.PNG,2/14/1968,F,ချင်း,ခရစ်ယာန်,ဘီအေ(သမိုင်း),ပြည်သူ့လွှတ်တော်ကိုယ်စားလှယ်(ငြိမ်း),အမှတ်(၂)ရပ်ကွက်၊ထန်တလန်မြို့,အမျိုးသားလွှတ်တော်,ချင်း,ချင်း,3,MMR004,,,MMR004HLA003,ချင်းအမျိုးသားဒီမိုကရက်တစ်ပါတီ,,ဦးဟာရ်မန် (ကွယ်လွန်),ချင်း,ခရစ်ယာန်,ဒေါ်ငွန်တီာလ် (ကွယ်လွန်),ချင်း,ခရစ်ယာန်,-1,2017ByElection
2b8e2bdf0bbdae7d131191f66831bd6d,,ဦးစိန်ထွန်း,https://storage.googleapis.com/staticassets/candidate-photos/2017/AMT_USeinHtun.PNG,5/7/1966,M,ဗမာ,ဗုဒ္ဓ,"B.A (Philo),D.E.L.T,",တောင်သူ,၇၆၁/ဝမ်းတွင်းမြို့နယ်၊ဒါးလှအုပ်စု၊သစ်ပလွေကန်ရွာ,အမျိုးသားလွှတ်တော်,ပဲခူး,ပဲခူး,4,MMR007,,,MMR007HLA004,အမျိုးသားဒီမိုကရေစီအင်အားစုပါတီ,,ဦးဂျပိုး (ကွယ်လွန်),ဗမာ,ဗုဒ္ဓ,ဒေါ်သောင်းရင်,ဗမာ,ဗုဒ္ဓ,-1,2017ByElection
e9e4b46e4ea50d6108ece615f7652903,,ဦးမင်းသူ,https://storage.googleapis.com/staticassets/candidate-photos/2017/AMT_UMinThu.PNG,10/28/1976,M,ဗမာ,ဗုဒ္ဓ,ဉပဒေပညာစတုတ္ထနှစ်,မှိုစိုက်ပျိုးရေးနှင့်ခြံလုပ်ငန်း,-,အမျိုးသားလွှတ်တော်,ပဲခူး,ပဲခူး,4,MMR007,,,MMR007HLA004,ပြည်ထောင်စုလယ်သမားအလုပ်သမားအင်အားစုပါတီ,,ဦ:လှမြင့် (ကွယ်လွန်),ဗမာ,ဗုဒ္ဓ,ဒေါ်သန်းမြင့် (ကွယ်လွန်),ဗမာ,ဗုဒ္ဓ,-1,2017ByElection
a6142f255d9d844ae57d8e0be99cd919,,ဦးဌေးနိုင်,https://storage.googleapis.com/staticassets/candidate-photos/2017/AMT_UHtayNaing.PNG,12/4/1958,M,ဗမာ,ဗုဒ္ဓ,သိပ္ပံဘွဲ့(သင်္ချာ)၊မဟာဝိဇ္ဇာ(ကာကွယ်ရေး),စစ်မှုထမ်း (အငြိမ်းစား),ပြွန်တန်ဆာ၊မြို့မ (၂)ရပ်ကွက်,အမျိုးသားလွှတ်တော်,ပဲခူး,ပဲခူး,4,MMR007,,,MMR007HLA004,ပြည်ထောင်စုကြံ့ခိုင်ရေးနှင့်ဖွံ့ဖြိုးရေးပါတီ,,ဦးအုန်းမောင် (ကွယ်လွန်),ဗမာ,ဗုဒ္ဓ,ဒေါ်အင်မေ,ဗမာ,ဗုဒ္ဓ,-1,2017ByElection
9c035111ca24e1376ad292f41e606040,,ဦးအောင်ကြည်ဝင်း,https://storage.googleapis.com/staticassets/candidate-photos/2017/AMT_UAungKyiWin.PNG,4/4/1949,M,ကရင်,ဗုဒ္ဓ,H.S.F ဟိုက်စကူးဖိုင်နယ်အောင်,ပညာရေး (ငြိမ်း)၊စားသောက်ဆိုင်,-,အမျိုးသားလွှတ်တော်,ပဲခူး,ပဲခူး,4,MMR007,,,MMR007HLA004,တိုင်းရင်းသားစည်းလုံးညီညွတ်ရေးပါတီ,,ဦးထွန်းရင်(ကွယ်လွန်),ကရင်,ဗုဒ္ဓ,ဒေါ်အေးခင် (ကွယ်လွန်),ကရင်,ဗုဒ္ဓ,-1,2017ByElection
4208f41c2735eec6f4b4748daa7f6a03,,ဒေါက်တာလှမိုး,https://storage.googleapis.com/staticassets/candidate-photos/2017/AMT_DrHlaMoe.PNG,5/27/1964,F,ဗမာ,ဗုဒ္ဓ,"M.B,B.S",ကိုယ်ပိုင်ဆေးခန်း,သရက်ကုန်းကျေးရွာ,အမျိုးသားလွှတ်တော်,ပဲခူး,ပဲခူး,4,MMR007,,,MMR007HLA004,အမျိုးသားတိုးတက်ရေးပါတီ,,ဦးညွှန့်အောင်,ဗမာ,ဗုဒ္ဓ,ဒေါ်ရှင်,ဗမာ,ဗုဒ္ဓ,-1,2017ByElection
1366914ce4bf24d5ff5730348829ccc7,,ဒေါ်စန်းစန်းမြင့်,https://storage.googleapis.com/staticassets/candidate-photos/2017/AMT_DawSanSanMyint.PNG,3/6/1951,F,ဗမာ,ဗုဒ္ဓ,LL.B (ဥပဒေဘွဲ့),တရားလွှတ်တော်ရှေ့နေ,မြို့မ(၅)ရပ်ကွက်,အမျိုးသားလွှတ်တော်,ပဲခူး,ပဲခူး,4,MMR007,,,MMR007HLA004,အမျိုးသားဒီမိုကရေစီအဖွဲ့ချုပ်ပါတီ,,ဦးစံအုန်း (ကွယ်လွန်),ဗမာ,ဗုဒ္ဓ,ဒေါ်တင်ကြည်,ဗမာ,ဗုဒ္ဓ,71042,2017ByElection
b74d77ddb1434b95a21a28e72a21fbbc,,ဦးခင်မောင်ရည်(ခ)ခိုင်မောင်ရည်,https://storage.googleapis.com/staticassets/candidate-photos/2017/AMT_UKhinMaungYee(Ka)KhineMaungYee.PNG,10/21/1969,M,ဗမာ,ဗုဒ္ဓ,"Higher Diploma in Business-VUC,Japanese.",ဂျပန်ဘာသာသင်းတန်းကျောင်းအုပ်,ဂဠုန်ရပ်,အမျိုးသားလွှတ်တော်,ရန်ကုန်,ရန်ကုန်,6,MMR013,,,MMR013HLA006,အမျိုးသားဒီမိုကရေစီအင်အားစုပါတီ,,ဦးဘဌေး(ကွယ်လွန်),ဗမာ,ဗုဒ္ဓ,ဒေါ်တင်တင် (ကွယ်လွန်),ဗမာ,ဗုဒ္ဓ,-1,2017ByElection
1e13a2f1d2432e73ef72e4c8877f9618,,ဦးခင်မောင်အေး,https://storage.googleapis.com/staticassets/candidate-photos/2017/AMT_UKhinMaungAye.PNG,2/6/1955,M,ဗမာ,ဗုဒ္ဓ,"M.A(English),MPA,DIR,DOS,Dip-Erg,BSC.",အယ်ဒီတာချုပ်၊The New Light of Myanmar,-,အမျိုးသားလွှတ်တော်,ရန်ကုန်,ရန်ကုန်,6,MMR013,,,MMR013HLA006,ပြည်ထောင်စုကြံ့ခိုင်ရေးနှင့်ဖွံ့ဖြိုးရေးပါတီ,,ဦးအောင်ဉာဏ်,ဗမာ,ဗုဒ္ဓ,ဒေါ်သိန်း,ဗမာ,ဗုဒ္ဓ,-1,2017ByElection
308bffab0c95555a5920e4d3f509badc,,ဦးမြင့်ကြည်,https://storage.googleapis.com/staticassets/candidate-photos/2017/AMT_UMyintKyi.PNG,7/27/1952,M,ဗမာ,ဗုဒ္ဓ,B.Sc (Chem),ကုန်သည်,ဗဟန်း၊ကျိုက္ကဆံရပ်,အမျိုးသားလွှတ်တော်,ရန်ကုန်,ရန်ကုန်,6,MMR013,,,MMR013HLA006,ဒီမိုကရက်တစ်ပါတီ(မြန်မာ),,ဦးလှအောင် (ကွယ်လွန်),ဗမာ,ဗုဒ္ဓ,ဒေါ်ခင်ညွှန့် (ကွယ်လွန်),ဗမာ,ဗုဒ္ဓ,-1,2017ByElection
d64a48eb2e172f5c5cacefb427f008db,,ဦးသက်ထွန်း,https://storage.googleapis.com/staticassets/candidate-photos/2017/AMT_UThetTun.PNG,1/15/1965,M,ဗမာ,ဗုဒ္ဓ,"B.Sc (Amaths),D.A.Psy,MBA",သုတေသီ,အမှတ် ၁၁ ရပ်ကွက်၊လမ်းမတော်၊ရန်ကုန်တိုင်း။,အမျိုးသားလွှတ်တော်,ရန်ကုန်,ရန်ကုန်,6,MMR013,,,MMR013HLA006,အမျိုးသားတိုးတက်ရေးပါတီ,,ဦးတင်အေး,ဗမာ,ဗုဒ္ဓ,ဒေါ်ခင်သွယ်,ဗမာ,ဗုဒ္ဓ,-1,2017ByElection
c32bf97b60da1fb5799d40f5e26caecc,,ဒေါက်တာမောင်မောင်,https://storage.cloud.google.com/staticassets/candidate-photos/2017/AMT_DrMaungMaung.PNG,4/12/1948,M,ဗမာ,ဗုဒ္ဓ,"B.D.S,F.I.CC D.E,F.I.CD,အဘိဓမ္မဓရ ",သွားနှင့်ခံတွင်းဆရာဝန်,(၁၁)၇ပ်ကွက်၊လှိုင်မြို့နယ်,အမျိုးသားလွှတ်တော်,ရန်ကုန်,ရန်ကုန်,6,MMR013,,,MMR013HLA006,အမျိုးသားဒီမိုကရေစီအဖွဲ့ချုပ်ပါတီ,,ဦးကြည် (ကွယ်လွန်),ဗမာ,ဗုဒ္ဓ,ဒေါ်သိန်းကြည် (ကွယ်လွန်),ဗမာ,ဗုဒ္ဓ,75299,2017ByElection
7d86e1d05385cb8fecb5b20837061776,,ဒေါ်နီလာအုန်း(ခ)ဒေါ်တိုက်အိန္ဒြေဦး,https://storage.googleapis.com/staticassets/candidate-photos/2017/AMT_DawNilarOhn(Ka)DawTiteEainDraOo.PNG,4/1/1967,F,ဗမာ,ဗုဒ္ဓ,B.Sc (Zoology),ရတနာရောင်းဝယ်ရေးလုပ်ငန်း,အမှတ်(၁)ရပ်ကွက်,အမျိုးသားလွှတ်တော်,ရန်ကုန်,ရန်ကုန်,6,MMR013,,,MMR013HLA006,တစ်သီးပုဂ္ဂလ,https://storage.googleapis.com/staticassets/independent_logos/Yangon_Yangon6_DawNilarOhn.jpg,ဦးအုန်းမောင် (ကွယ်လွန်),ဗမာ,ဗုဒ္ဓ,ဒေါ်လှသန်း,ဗမာ,ဗုဒ္ဓ,-1,2017ByElection
a0330165f8445ddb35a32ca13ef9e265,,ဦးစိန်မောင်း,https://storage.googleapis.com/staticassets/candidate-photos/2017/PY_USainMaung.PNG,9/20/1948,M,ဗမာ ,ဗုဒ္ဓ,(၉)တန်း၊ တန်းမြင့်ကျောင်းထွက် စာမေးပွဲအောင်,စီမံ၊စီးပွားဝန်ကြီး (အငြိမ်းစား),−,ပြည်သူ့လွှတ်တော်,စစ်ကိုင်း,မုံရွာမဲဆန္ဒနယ်,0,MMR005,MMR005D003,MMR005012,,တိုင်းရင်းသားစည်းလုံးညီညွတ်ရေးပါတီ,,ဦးဘမောင် (ကွယ်လွန်),ဗမာ ,ဗုဒ္ဓ,ဒေါ်ကံရှိ (ကွယ်လွန်),ဗမာ ,ဗုဒ္ဓ,-1,2017ByElection
c115afc8d27eeb7e426e5de6bdb647f3,,ဦးညွန့်လှိုင်,https://storage.googleapis.com/staticassets/candidate-photos/2017/PY_UNyuntHlaing.PNG,3/11/1970,M,ဗမာ,ဗုဒ္ဓ,"B.A, International Master of Public Administration (China)",ခြံလုပ်ငန်း,−,ပြည်သူ့လွှတ်တော်,စစ်ကိုင်း,မုံရွာမဲဆန္ဒနယ်,0,MMR005,MMR005D003,MMR005012,,အမျိုးသားတိုးတက်ရေးပါတီ,,ဦးပေါစံ (ကွယ်လွန်),ဗမာ,ဗုဒ္ဓ,ဒေါ်အုန်းကျင်,ဗမာ,ဗုဒ္ဓ,-1,2017ByElection
bca976de386a717a00b2e756f91b42cd,,ဦးညွန့်အောင်,https://storage.googleapis.com/staticassets/candidate-photos/2017/PY_UNyuntAung.PNG,2/11/1972,M,ဗမာ,ဗုဒ္ဓ,B.Sc တန်းအောင်,ကားအငှားလုပ်ငန်း,ရန်ကင်းရပ်ကွက်,ပြည်သူ့လွှတ်တော်,စစ်ကိုင်း,မုံရွာမဲဆန္ဒနယ်,0,MMR005,MMR005D003,MMR005012,,အမျိုးသားဒီမိုကရေစီအဖွဲ့ချုပ်ပါတီ,,ဦးသန်းဝင်း,ဗမာ,ဗုဒ္ဓ,ဒေါ်ခင်မြင့်,ဗမာ,ဗုဒ္ဓ,95923,2017ByElection
5c72dd8b41beb7093036e946c593b652,,ဒေါက်တာဝင်းမြင့်အောင်,https://storage.googleapis.com/staticassets/candidate-photos/2017/PY_DrWinMyintAung.PNG,11/28/1956,M,ဗမာ,ဗုဒ္ဓ,"M.B, B.S",ဆရာဝန်,အလယ်ရပ်ကွက်,ပြည်သူ့လွှတ်တော်,စစ်ကိုင်း,မုံရွာမဲဆန္ဒနယ်,0,MMR005,MMR005D003,MMR005012,,ပြည်ထောင်စုကြံ့ခိုင်ရေးနှင့်ဖွံ့ဖြိုးရေးပါတီ,,ဦးခင်လှ (ကွယ်လွန်),ဗမာ,ဗုဒ္ဓ,ဒေါ်အေးကြည် (ကွယ်လွန်),ဗမာ,ဗုဒ္ဓ,-1,2017ByElection
bf96633cc75f1c076c8f7663e11a5178,,ဒေါက်တာသန်းထိုက်ဦး,https://storage.googleapis.com/staticassets/candidate-photos/2017/PY_DrThenHtikeOo.PNG,8/14/1970,M,ဗမာ,ဗုဒ္ဓ,"Ph.D (H.C) (Sirilamka), F.R.C.P(M.A)",ဟိုမီယိုပက်သစ်ဆေးပညာရှင်၊ M.D-Great General Business Group,တံခွန်တိုင်ရပ်ကွက်၊ ပြည်ကြီးတံခွန်မြို့နယ်၊ မရှိ(နိုင်ငံရေးအကျဉ်းသားဖြစ်ခဲ့၍),ပြည်သူ့လွှတ်တော်,စစ်ကိုင်း,မုံရွာမဲဆန္ဒနယ်,0,MMR005,MMR005D003,MMR005012,,ပြည်သူ့ဒီမိုကရေစီပါတီ,,ဦးမြင့်သိန်း,ဗမာ,ဗုဒ္ဓ,ဒေါ်ဝင်းကြည်မေ,ဗမာ,ဗုဒ္ဓ,-1,2017ByElection
40986c8c582979c7054bd646157e984a,,ဦးတင့်ဝေ,https://storage.googleapis.com/staticassets/candidate-photos/2017/PY_UTintWai.PNG,6/7/1947,M,မွန်,ဗုဒ္ဓ,တန်းမြင့်ကျောင်းထွက်အောင်,မူ/အုပ် (အငြိမ်းစား),နတ်မှော်ကျေးရွာအုပ်စု,ပြည်သူ့လွှတ်တော်,မွန်,ချောင်းဆုံမဲဆန္ဒနယ်,0,MMR011,MMR011D001,MMR011003,,တိုင်းရင်းသားစည်းလုံးညီညွတ်ရေးပါတီ,,ဦးအောင်သူ (ကွယ်လွန်),မွန်,ဗုဒ္ဓ,ဒေါ်ရင်ငွေ (ကွယ်လွန်),ဗမာ,ဗုဒ္ဓ,-1,2017ByElection
9ca020eb680dd39887b5c6134f120586,,နိုင်စိန်မြမောင် (ခ) နိုင်မြမောင်,https://storage.googleapis.com/staticassets/candidate-photos/2017/PY_NaingSainMg%40NaingMyaMg.PNG,3/6/1952,M,မွန်,ဗုဒ္ဓ,LL.B ၊ JATC,(အငြိမ်းစား) ကျောင်းဆရာ,သံဖြူဇရပ်မြို့၊ ကြံ့ခိုင်ရေးရပ်ကွက်,ပြည်သူ့လွှတ်တော်,မွန်,ချောင်းဆုံမဲဆန္ဒနယ်,0,MMR011,MMR011D001,MMR011003,,မွန်အမျိုးသားပါတီ,,နိုင်စံတင်,မွန်,ဗုဒ္ဓ,မိလှမယ်,မွန်,ဗုဒ္ဓ,-1,2017ByElection
eeb339ecb4fa5c0532039b9be4b9e6ae,,ဦးဝင်းထွဋ် (ခ) ဦးမြဝင်း,https://storage.googleapis.com/staticassets/candidate-photos/2017/PY_UWinHtout%40UMyaWin.PNG,12/7/1956,M,မွန်,ဗုဒ္ဓ,A.G.T.I (Civil Engineering),ဆည်မြောင်းဦးစီးဌာန၊ ဦးစီးမှူး (အငြိမ်စား),ကမာမိုကျေးရွာအုပ်စု,ပြည်သူ့လွှတ်တော်,မွန်,ချောင်းဆုံမဲဆန္ဒနယ်,0,MMR011,MMR011D001,MMR011003,,မွန်ဒေသလုံးဆိုင်ရာဒီမိုကရေစီပါတီ,,ဦးထွန်းအေး (ကွယ်လွန်),မွန်,ဗုဒ္ဓ,ဒေါ်သိန်းမြ,မွန်,ဗုဒ္ဓ,-1,2017ByElection
41f4874b4ce2cbf579fffbeecd08d7a0,,ဦးအေးဝင်း,https://storage.googleapis.com/staticassets/candidate-photos/2017/PY_UAyeWin.PNG,10/20/1967,M,ဗမာ,ဗုဒ္ဓ,B.Sc (Chemistry),ကုန်သည် (ဈေးရောင်း),ရေတွင်းကုန်း၊ ခရိုက်ဒူး,ပြည်သူ့လွှတ်တော်,မွန်,ချောင်းဆုံမဲဆန္ဒနယ်,0,MMR011,MMR011D001,MMR011003,,အမျိုးသားဒီမိုကရေစီအဖွဲ့ချုပ်ပါတီ,,ဦးငွေမောင် (ကွယ်လွန်),ဗမာ,ဗုဒ္ဓ,ဒေါ်ထားရီ (ကွယ်လွန်),ဗမာ,ဗုဒ္ဓ,-1,2017ByElection
e493f4cfb739ce84a531b720fafb3063,,ဦးအောင်ကြည်သိန်း,https://storage.googleapis.com/staticassets/candidate-photos/2017/PY_UAungKyiThein.PNG,5/29/1958,M,မွန်,ဗုဒ္ဓ,B.E (MECHANICAL),ညွှန်ကြားရေးမှူး (ငြိမ်း),ကွမ်ရိုက်ကျေးရွာ,ပြည်သူ့လွှတ်တော်,မွန်,ချောင်းဆုံမဲဆန္ဒနယ်,0,MMR011,MMR011D001,MMR011003,,ပြည်ထောင်စုကြံ့ခိုင်ရေးနှင့်ဖွံ့ဖြိုးရေးပါတီ,,ဦးမြမွှေး (ကွယ်လွန်),မွန်,ဗုဒ္ဓ,ဒေါ်လှမေ (ကွယ်လွန်),မွန်,ဗုဒ္ဓ,19667,2017ByElection
e56af6d5c6ac572a9d9af5ff89e329d1,,ဦးဇော်လင်းအောင်,https://storage.googleapis.com/staticassets/candidate-photos/2017/PY_UZawLinAg.PNG,6/3/1984,M,ရခိုင်,ဗုဒ္ဓ,"First Year (Humanity) Mahachulalongkorn University, Bangkok Thailand",ဖုန်းအပိုပစ္စည်းအရောင်းဆိုင်,အမှတ်(၃)ရပ်ကွက်၊ အမ်းမြို့,ပြည်သူ့လွှတ်တော်,ရခိုင်,အမ်းမဲဆန္ဒနယ်,0,MMR012,MMR012D003,MMR012014,,တစ်သီးပုဂ္ဂလ,https://storage.googleapis.com/staticassets/independent_logos/Rakhine_ann_UZawLinAung.jpg,ဦးဝင်းအောင် (သေဆုံး),ရခိုင်,ဗုဒ္ဓ,ဒေါ်မတင်အောင်,ရခိုင်,ဗုဒ္ဓ,-1,2017ByElection
cd9f9b2fd87f24a3910885eb1c4d811e,,ဦးဇော်ဝင်းမြင့်,https://storage.googleapis.com/staticassets/candidate-photos/2017/PY_UZawWinMyint.PNG,8/17/1960,M,ရခိုင်,ဗုဒ္ဓ,တတိယနှစ် (ပထဝီ)၊ စစ်တွေဒီဂရီကော်လိပ်,စာအုပ်စာရေးကရိယာအရောင်းဆိုင်,အမှတ်(၅)၊ ဈေးတောင်ရပ်ကွက်၊ အမ်းမြို့,ပြည်သူ့လွှတ်တော်,ရခိုင်,အမ်းမဲဆန္ဒနယ်,0,MMR012,MMR012D003,MMR012014,,အမျိုးသားဒီမိုကရေစီအဖွဲ့ချုပ်ပါတီ,,ဦးကျော်မြအောင်,ရခိုင်,ဗုဒ္ဓ,ဒေါ်တင်ရီ,ရခိုင်,ဗုဒ္ဓ,-1,2017ByElection
7a00653e6b8e0da1b0b76e3f9eedcab4,,ဦးသောင်းငြိမ်း,https://storage.googleapis.com/staticassets/candidate-photos/2017/PY_UThaingNyain.PNG,11/7/1963,M,ရခိုင်,ဗုဒ္ဓ,ဒုတိယနှစ် (သမိုင်း),ပညာရေး(ငြိမ်း),တပ်တောင်မြို့၊ အမှတ် (၂) ရပ်ကွက်,ပြည်သူ့လွှတ်တော်,ရခိုင်,အမ်းမဲဆန္ဒနယ်,0,MMR012,MMR012D003,MMR012014,,ပြည်ထောင်စုကြံ့ခိုင်ရေးနှင့်ဖွံ့ဖြိုးရေးပါတီ,,ဦးမောင်ရီ,ရခိုင်,ဗုဒ္ဓ,ဒေါ်သိန်းကြည်,ရခိုင်,ဗုဒ္ဓ,-1,2017ByElection
217567ae78736d58abba5fe7ab7029bd,,ဒေါက်တာအေးမောင်,https://storage.googleapis.com/staticassets/candidate-photos/2017/PY_DrAyeMg.PNG,11/1/1957,M,ရခိုင်,ဗုဒ္ဓ,B.V.S (ygn),လ/ထညွှန်မှူး (ငြိမ်း) မွေး−ကုဦးစီးဌာန,စစ်တွေမြို့၊ အိုးတန်းရပ်ကွက်,ပြည်သူ့လွှတ်တော်,ရခိုင်,အမ်းမဲဆန္ဒနယ်,0,MMR012,MMR012D003,MMR012014,,ရခိုင်အမျိုးသားပါတီ,,ဦးမောင်လှစိန် (ကွယ်လွန်),ရခိုင်,ဗုဒ္ဓ,ဒေါ်သွင်ညိုဖြူ,ရခိုင်,ဗုဒ္ဓ,21794,2017ByElection
2931091d7d1ce71b40ec5a878b57a587,,ဦးကျားကြီး,https://storage.googleapis.com/staticassets/candidate-photos/2017/PY_UKyarKyi.PNG,4/4/1963,M,ရခိုင်,ဗုဒ္ဓ,(၅)တန်း,ဈေးရောင်း,လှိုင်သာယာမြို့၊ (၂၀) ရပ်ကွက်,ပြည်သူ့လွှတ်တော်,ရန်ကုန်,လှိုင်သာယာမဲဆန္ဒနယ်,0,MMR013,MMR013D001,MMR013008,,ဒီမိုကရက်တစ်ပါတီ(မြန်မာ),,ဦးပေါလုံး,ရခိုင်,ဗုဒ္ဓ,ဒေါ်အောင်စိန်သာ,ရခိုင်,ဗုဒ္ဓ,-1,2017ByElection
6bd9fa40aec889f41601b1bab4b80cc8,,ဦးကျော်သန်း,https://storage.googleapis.com/staticassets/candidate-photos/2017/PY_UKyawThan.PNG,1/5/1954,M,ဗမာ,ဗုဒ္ဓ,သဒ္ဒါ−သင်္ဂြိုလ်(အခြေခံ)−ဘကကျောင်း,ကုန်တင်ကားလုပ်ငန်း,မဥ/(ဋ)ရပ်ကွက်,ပြည်သူ့လွှတ်တော်,ရန်ကုန်,လှိုင်သာယာမဲဆန္ဒနယ်,0,MMR013,MMR013D001,MMR013008,,တစ်သီးပုဂ္ဂလ,https://storage.googleapis.com/staticassets/independent_logos/Yangon_HlaingTharYar_UKyawThan.jpg,ဦးကြံကြီး,ဗမာ,ဗုဒ္ဓ,ဒေါ်နှံ,ဗမာ,ဗုဒ္ဓ,-1,2017ByElection
7d5d23c8cc58a68b1927c441933f1a2a,,ဦးတင်ယု,https://storage.googleapis.com/staticassets/candidate-photos/2017/PY_UTinYu.PNG,2/9/1957,M,ဗမာ,ဗုဒ္ဓ,LLB(ဥပဒေဘွဲ့),တရားလွှတ်တော်ရှေ့နေ,အမှတ် (၇)ရပ်ကွက်၊ လှိုင်သာယာမြို့နယ်,ပြည်သူ့လွှတ်တော်,ရန်ကုန်,လှိုင်သာယာမဲဆန္ဒနယ်,0,MMR013,MMR013D001,MMR013008,,ပြည်ထောင်စုကြံ့ခိုင်ရေးနှင့်ဖွံ့ဖြိုးရေးပါတီ,,ဦးအုန်းစိန် (ကွယ်လွန်),ဗမာ,ဗုဒ္ဓ,ဒေါ်အေးမြင့် (ကွယ်လွန်),ဗမာ,ဗုဒ္ဓ,-1,2017ByElection
549c555ffe1471c4537e0d36d55b0908,,ဦးနေလင်းဦး,https://storage.googleapis.com/staticassets/candidate-photos/2017/PY_UNayLinOo.PNG,11/13/1965,M,ဗမာ,ဗုဒ္ဓ,(၉)တန်း,အရောင်းအဝယ်,−,ပြည်သူ့လွှတ်တော်,ရန်ကုန်,လှိုင်သာယာမဲဆန္ဒနယ်,0,MMR013,MMR013D001,MMR013008,,ပြည်သူ့အကျိုးပြုကျောင်းသားများဒီမိုကရေစီပါတီ,,ဦးလှသွင်,ဗမာ,ဗုဒ္ဓ,ဒေါ်အုန်းကြည်,ဗမာ,ဗုဒ္ဓ,-1,2017ByElection
e940c40e0eb142e309ac5caae407eb1c,,ဦးမောင်ဝင်း,https://storage.googleapis.com/staticassets/candidate-photos/2017/PY_UMaungWin.PNG,4/5/1944,M,ဗမာ,ဗုဒ္ဓ,"LL.B, MABL, DBL, DIR App:(Psy), DOS",အထက်တန်းရှေ့နေ−စဉ်(၂၄၆၅၂),လှိုင်သာယာမြို့နယ်− (၄) ရပ်ကွက်,ပြည်သူ့လွှတ်တော်,ရန်ကုန်,လှိုင်သာယာမဲဆန္ဒနယ်,0,MMR013,MMR013D001,MMR013008,,တစ်သီးပုဂ္ဂလ,https://storage.googleapis.com/staticassets/independent_logos/Yangon_HlaingTharYar_UMaungWin.jpg,ဦးကျော် (ကွယ်လွန်),ဗမာ,ဗုဒ္ဓ,ဒေါ်ဧကြူ (ကွယ်လွန်),ဗမာ,ဗုဒ္ဓ,-1,2017ByElection
a146f100d5c8828294f1a073e1770039,,ဦးဝင်းမင်း,https://storage.googleapis.com/staticassets/candidate-photos/2017/PY_UWinMin.PNG,10/9/1968,M,ဗမာ,ဗုဒ္ဓ,နဝမတန်း,ဆန်−စပါး အရောင်းအဝယ်,မကျည်းတန်း၊ တ/န ရပ်ကွက်၊ ကြည့်မြင်တိုင်,ပြည်သူ့လွှတ်တော်,ရန်ကုန်,လှိုင်သာယာမဲဆန္ဒနယ်,0,MMR013,MMR013D001,MMR013008,,အမျိုးသားဒီမိုကရေစီအဖွဲ့ချုပ်ပါတီ,,ဦးတင်ရီ,ဗမာ,ဗုဒ္ဓ,ဒေါ်မြမူ,ဗမာ,ဗုဒ္ဓ,31369,2017ByElection
f37f48785246173fb8fd50a0aa6585e4,,ဦးသက်ထွန်းမောင်,https://storage.googleapis.com/staticassets/candidate-photos/2017/PY_UThetTunAung.PNG,10/13/1955,M,တရုတ်+ဗမာ,ဗုဒ္ဓ,ဒဿမတန်း,ကုန်သည်,−,ပြည်သူ့လွှတ်တော်,ရန်ကုန်,လှိုင်သာယာမဲဆန္ဒနယ်,0,MMR013,MMR013D001,MMR013008,,အမျိုးသားဒီမိုကရေစီအင်အားစုပါတီ,,ဦးခင်မောင် (၁၉၆၅ ကွယ်လွန်),ဗမာ,ဗုဒ္ဓ,ဒေါ်ရှုလွမ်,တရုတ်+ဗမာ,ဗုဒ္ဓ,-1,2017ByElection
c5ba5e895fb63d34e7fc123dd04f41b9,,ဦးအေးကျော်,https://storage.googleapis.com/staticassets/candidate-photos/2017/PY_UAyeKyaw.PNG,1/28/1962,M,ရခိုင်,ဗုဒ္ဓ,M.Sc (Thesis) Physic,ကုန်သည်,ဗိုလ်တထောင်မြို့နယ်၊ (၁၀) ရပ်ကွက်,ပြည်သူ့လွှတ်တော်,ရန်ကုန်,လှိုင်သာယာမဲဆန္ဒနယ်,0,MMR013,MMR013D001,MMR013008,,ရခိုင်အမျိုးသားပါတီ,,ဦးစောမြ,ရခိုင်,ဗုဒ္ဓ,ဒေါ်ဖြူမ,ရခိုင်,ဗုဒ္ဓ,-1,2017ByElection
7e7f497fb9186a5b63e16f54e3fece70,,ဒေါ်ခင်မာလာ,https://storage.googleapis.com/staticassets/candidate-photos/2017/PY_DawKhinMalar.PNG,4/16/1956,F,ဗမာ,ဗုဒ္ဓ,B.A(ပထဝီ)၊ မဟာဝိဇ္ဇာ (Thesis),အသေးစားအိမ်တွင်းစက်မှုလုပ်ငန်း,−,ပြည်သူ့လွှတ်တော်,ရန်ကုန်,ဒဂုံမြို့သစ်(အရှေ့ပိုင်း)မဲဆန္ဒနယ်,0,MMR013,MMR013D002,MMR013020,,အမျိုးသားဒီမိုကရေစီအင်အားစုပါတီ,,ဦးသောင်းစိန်,ဗမာ,ဗုဒ္ဓ,ဒေါ်လှယုံ,ဗမာ,ဗုဒ္ဓ,-1,2017ByElection
52133d26169c2bba01958d980b208008,,ဦးဇော်အောင် (ခ) ဦးညိုထွန်း,https://storage.googleapis.com/staticassets/candidate-photos/2017/PY_UZawAung%40UNyoTun.PNG,10/19/1964,M,ဗမာ,ဗုဒ္ဓ,စတုတ္ထနှစ် (မြန်မာစာ),စာရေးဆရာ၊ ဒါရိုက်တာ,ကျိုက္ကဆံရပ်ကွက်၊ ဗဟန်း,ပြည်သူ့လွှတ်တော်,ရန်ကုန်,ဒဂုံမြို့သစ်(အရှေ့ပိုင်း)မဲဆန္ဒနယ်,0,MMR013,MMR013D002,MMR013020,,လူ့ဘောင်သစ်ပါတီ,,ဦးကြည်,ဗမာ,ဗုဒ္ဓ,ဒေါ်ခင်ရွှေ,ဗမာ,ဗုဒ္ဓ,-1,2017ByElection
bad2bdad4fe260c2eb81802168a92926,,ဦးနေကျော်,https://storage.googleapis.com/staticassets/candidate-photos/2017/PY_UNayKyaw.PNG,2/11/1967,M,ဗမာ,ဗုဒ္ဓ,LL.B (ဥပဒေဘွဲ့),ဒီလှိုင်းစာစောင်ဖြန့်ချီရေးမှူး,တာမွေကြီး(ခ),ပြည်သူ့လွှတ်တော်,ရန်ကုန်,ဒဂုံမြို့သစ်(အရှေ့ပိုင်း)မဲဆန္ဒနယ်,0,MMR013,MMR013D002,MMR013020,,အမျိုးသားဒီမိုကရေစီအဖွဲ့ချုပ်ပါတီ,,ဦးကျော်မိုး (ကွယ်လွန်),ဗမာ,ဗုဒ္ဓ,ဒေါ်မြင့်မြင့်,ဗမာ,ဗုဒ္ဓ,27357,2017ByElection
78a18ba394bc62eac926e2d949649041,,ဦးနေလင်း,https://storage.googleapis.com/staticassets/candidate-photos/2017/PY_UNayLin.PNG,1/30/1973,M,ဗမာ,ဗုဒ္ဓ,ဘီအေ (သမိုင်း),အရောင်းအဝယ်,−,ပြည်သူ့လွှတ်တော်,ရန်ကုန်,ဒဂုံမြို့သစ်(အရှေ့ပိုင်း)မဲဆန္ဒနယ်,0,MMR013,MMR013D002,MMR013020,,ပြည်ထောင်စုကြံ့ခိုင်ရေးနှင့်ဖွံ့ဖြိုးရေးပါတီ,,ဦးသိန်း (ကွယ်လွန်),ဗမာ,ဗုဒ္ဓ,ဒေါ်ခင်သိန်း,ဗမာ,ဗုဒ္ဓ,-1,2017ByElection
11fc780fe78318d84ce9c865bd4860e9,,ဒေါ်ဥမ္မာတင်,https://storage.googleapis.com/staticassets/candidate-photos/2017/PY_DawOhnMarTin.PNG,8/30/1964,F,ဗမာ,ဗုဒ္ဓ,BA (Hist),ကုန်သည်,−,ပြည်သူ့လွှတ်တော်,ရန်ကုန်,ဒဂုံမြို့သစ်(အရှေ့ပိုင်း)မဲဆန္ဒနယ်,0,MMR013,MMR013D002,MMR013020,,ဒီမိုကရက်တစ်ပါတီ(မြန်မာ),,ဦးဟန်သိန်း,ဗမာ,ဗုဒ္ဓ,ဒေါ်တင်ကြွယ်,ဗမာ,ဗုဒ္ဓ,-1,2017ByElection
06c57d54fd90a578f15e21aeb640895c,,ဦးခင်ဝင်း,https://storage.googleapis.com/staticassets/candidate-photos/2017/PY_UKhinWin.PNG,12/26/1960,M,ဗမာ,ဗုဒ္ဓ,သိပ္ပံဘွဲ့ (ရူပဗေဒ),ကုန်သည်,−,ပြည်သူ့လွှတ်တော်,ရန်ကုန်,ဒဂုံမြို့သစ်(ဆိပ်ကမ်း)မဲဆန္ဒနယ်,0,MMR013,MMR013D002,MMR013021,,ပြည်ထောင်စုကြံ့ခိုင်ရေးနှင့်ဖွံ့ဖြိုးရေးပါတီ,,ဦးသန်းငွေ,ဗမာ,ဗုဒ္ဓ,ဒေါ်မြကြည်,ဗမာ,ဗုဒ္ဓ,-1,2017ByElection
853cdf965a61e6aa1170a0386ff45148,,ဦးမြစိန်,https://storage.googleapis.com/staticassets/candidate-photos/2017/PY_UMyaSain.PNG,12/16/1952,M,ဗမာ,ဗုဒ္ဓ,"LLB, HGP, DML, DIL, DRL",ဦးစီးအရာရှိ (အငြိမ်းစား),−,ပြည်သူ့လွှတ်တော်,ရန်ကုန်,ဒဂုံမြို့သစ်(ဆိပ်ကမ်း)မဲဆန္ဒနယ်,0,MMR013,MMR013D002,MMR013021,,အမျိုးသားဒီမိုကရေစီအဖွဲ့ချုပ်ပါတီ,,ဦးစံအေး (ကွယ်လွန်),ဗမာ,ဗုဒ္ဓ,ဒေါ်စော (ကွယ်လွန်),ဗမာ,ဗုဒ္ဓ,15756,2017ByElection
3b573a3fad33799a471906cc10d54b8f,,ဦးသဲမောင်မောင်ထက်,https://storage.googleapis.com/staticassets/candidate-photos/2017/PY_UThelMgMgHtet.PNG,10/4/1985,M,ဗမာ,ဗုဒ္ဓ,ဒဿမတန်း,အရောင်းအဝယ်,အမှတ် (၈၈) ရပ်ကွက်,ပြည်သူ့လွှတ်တော်,ရန်ကုန်,ဒဂုံမြို့သစ်(ဆိပ်ကမ်း)မဲဆန္ဒနယ်,0,MMR013,MMR013D002,MMR013021,,အမျိုးသားတိုးတက်ရေးပါတီ,,ဦးထွန်းမြင့် (ကွယ်လွန်),ဗမာ,ဗုဒ္ဓ,ဒေါ်ခင်ခင်ညွန့်,ဗမာ,ဗုဒ္ဓ,-1,2017ByElection
18c43234d6ad3979268870faed966b9c,,ဦးအောင်ဇင်,https://storage.googleapis.com/staticassets/candidate-photos/2017/PY_UAungZin.PNG,6/29/1958,M,ဗမာ,ဗုဒ္ဓ,B.A (မြန်မာစာ),ပန်းချီဆရာ,−,ပြည်သူ့လွှတ်တော်,ရန်ကုန်,ဒဂုံမြို့သစ်(ဆိပ်ကမ်း)မဲဆန္ဒနယ်,0,MMR013,MMR013D002,MMR013021,,အမျိုးသားဒီမိုကရေစီအင်အားစုပါတီ,,ဦးထွန်းသိန်း,ဗမာ,ဗုဒ္ဓ,ဒေါ်သန်းနု,ဗမာ,ဗုဒ္ဓ,-1,2017ByElection
298db8fb8e89d36a614f5cdb1ba5a0d5,,ဒေါက်တာအောင်မျိုး,https://storage.googleapis.com/staticassets/candidate-photos/2017/PY_DrAungMyo.PNG,12/22/1958,M,ဗမာ,ဗုဒ္ဓ,ဝိဇ္ဇာတွဲ(သမိုင်း)၊ မဟာဝိဇ္ဇာ၊ မဟာသုတေသန၊ ပါရဂူဘွဲ့,စာရေးဆရာနှင့် နိုင်ငံဝန်ထမ်းအငြိမ်းစား၊ ညွှန်ကြားရေးမှူးချုပ် (ငြိမ်း),အမှတ် (၉၄) ရပ်ကွက်,ပြည်သူ့လွှတ်တော်,ရန်ကုန်,ဒဂုံမြို့သစ်(ဆိပ်ကမ်း)မဲဆန္ဒနယ်,0,MMR013,MMR013D002,MMR013021,,တစ်သီးပုဂ္ဂလ,https://storage.googleapis.com/staticassets/independent_logos/Yangon_DagonMyoThit_DrAungMyo.jpg,ဦးကျော်သောင်း,ဗမာ,ဗုဒ္ဓ,ဒေါ်လှချို,ဗမာ,ဗုဒ္ဓ,-1,2017ByElection
8210f6d415f62fb9b3f068d97cce062f,,ဦးကျော်ဆွေဝင်း (ခ) ဦးအာလူး,https://storage.googleapis.com/staticassets/candidate-photos/2017/PY_UKyawSweWin%40UArLuu.PNG,5/3/1969,M,ဗမာ,ဗုဒ္ဓ,B.A (Myanmar),ကျူရှင်,ကံကြီး/ မကျီးရပ်ကွက်,ပြည်သူ့လွှတ်တော်,ရန်ကုန်,ကော့မှူးမဲဆန္ဒနယ်,0,MMR013,MMR013D003,MMR013028,,အမျိုးသားဒီမိုကရေစီအဖွဲ့ချုပ်ပါတီ,,ဦးဘဆွေ (မြောင်းမြဘဆွေ),ဗမာ,ဗုဒ္ဓ,ဒေါ်ခင်ဝင်း,ဗမာ,ဗုဒ္ဓ,38028,2017ByElection
53527d3709554b320306dffdd83aa687,,ဦးကျော်ဇင်ဟိန်း,https://storage.googleapis.com/staticassets/candidate-photos/2017/PY_UKyawZinHein.PNG,8/28/1979,M,ဗမာ,ဗုဒ္ဓ,B.A (Business Science),ဈေးရောင်း,မကျီးတန်းရပ်ကွက်,ပြည်သူ့လွှတ်တော်,ရန်ကုန်,ကော့မှူးမဲဆန္ဒနယ်,0,MMR013,MMR013D003,MMR013028,,ပြည်ထောင်စုကြံ့ခိုင်ရေးနှင့်ဖွံ့ဖြိုးရေးပါတီ,,ဦးကျော်ဌေး (ကွယ်လွန်),ဗမာ,ဗုဒ္ဓ,ဒေါ်ဆောင်း (ကွယ်လွန်),ဗမာ,ဗုဒ္ဓ,-1,2017ByElection
5c7a23f54e71afba3e5a3c15ef6a8e64,,ဒေါ်ခင်ခင်လင်း,https://storage.googleapis.com/staticassets/candidate-photos/2017/PY_DawKhinKhinLin.PNG,10/23/1970,F,ဗမာ,ဗုဒ္ဓ,(၁၀) တန်း,ငါးမွေးမြူရေးလုပ်ငန်း,ရွှေဆံတော်ရပ်ကွက်,ပြည်သူ့လွှတ်တော်,ရန်ကုန်,ကော့မှူးမဲဆန္ဒနယ်,0,MMR013,MMR013D003,MMR013028,,မြန်မာနိုင်ငံတောင်သူလယ်သမားဖွံ့ဖြိုးတိုးတက်ရေးပါတီ,,ဦးသန်းမြင့်,ဗမာ,ဗုဒ္ဓ,ဒေါ်တင်လှိုင်,ဗမာ,ဗုဒ္ဓ,-1,2017ByElection
97a9211dcf01023617acad4cc864693b,,ဦးစောဝင်း,https://storage.googleapis.com/staticassets/candidate-photos/2017/PY_USawWin.PNG,1/4/1966,M,ဗမာ,ဗုဒ္ဓ,အဌမတန်း,ကုန်သည်,ကျောက်မြောင်းအရှေ့,ပြည်သူ့လွှတ်တော်,ရန်ကုန်,ကော့မှူးမဲဆန္ဒနယ်,0,MMR013,MMR013D003,MMR013028,,ဖလုံ-စဝေါ် ဒီမိုကရက်တစ်ပါတီ,,ဦးအုန်းမောင်(ကွယ်လွန်),ဗမာ,ဗုဒ္ဓ,ဒေါ်မြသန်း (ကွယ်လွန်),ဗမာ,ဗုဒ္ဓ,-1,2017ByElection
cb991797f3b4328e46531d9f67f99eae,,ဒေါ်စိန်ကျော့နု,https://storage.googleapis.com/staticassets/candidate-photos/2017/PY_DawSainKyawtNu.PNG,4/3/1972,F,ရခိုင်,ဗုဒ္ဓ,"B.Sc (Botany), ICT Diploma",MPPE ဝန်ထမ်းဟောင်း,(အမှတ် ၈) ရပ်ကွက်,ပြည်သူ့လွှတ်တော်,ရန်ကုန်,ကော့မှူးမဲဆန္ဒနယ်,0,MMR013,MMR013D003,MMR013028,,ဒီမိုကရက်တစ်ပါတီ(မြန်မာ),,ဦးမောင်စိန်သာ (ကွယ်လွန်),ရခိုင်,ဗုဒ္ဓ,ဒေါ်မသာနု,ရခိုင်,ဗုဒ္ဓ,-1,2017ByElection
7d46e3ee1e62343a6f7f57fb5f69fdae,,ဦးဇော်ထွန်း,https://storage.googleapis.com/staticassets/candidate-photos/2017/PY_UZawTun.PNG,4/5/1980,M,ဗမာ,ဗုဒ္ဓ,MBA (စီးပွားရေးလုပ်ငန်း၊ စီမံခန့်ခွဲမှုပညာ မဟာဘွဲ့),ကျောင်းဆရာ,ရှာဘွားကျေးရွာအုပ်စု,ပြည်သူ့လွှတ်တော်,ရန်ကုန်,ကော့မှူးမဲဆန္ဒနယ်,0,MMR013,MMR013D003,MMR013028,,တစ်သီးပုဂ္ဂလ,https://storage.googleapis.com/staticassets/independent_logos/YangonKawMhu_UZawHtun.jpg,ဦးမောင်ချစ် (ကွယ်လွန်),ဗမာ,ဗုဒ္ဓ,ဒေါ်တင်ထွေး,ဗမာ,ဗုဒ္ဓ,-1,2017ByElection
88aed4c976c2ebd106d3168dc0cc5834,,ဒေါ်နီလာစိုးတင့်,https://storage.googleapis.com/staticassets/candidate-photos/2017/PY_DawNiLarSoeTint.PNG,2/16/1980,F,ဗမာ,ဗုဒ္ဓ,(၁၀) တန်း,နိုင်ငံရေး,မင်္ဂလာဒုံမြို့နယ်၊ သင်္ဃန်းကျွန်းကြီး,ပြည်သူ့လွှတ်တော်,ရန်ကုန်,ကော့မှူးမဲဆန္ဒနယ်,0,MMR013,MMR013D003,MMR013028,,မြန်မာအမျိုးသားကွန်ဂရက်ပါတီ,,ဦးစိုးတင့် (၂၀၁၃ ကွယ်လွန်),ဗမာ,ဗုဒ္ဓ,ဒေါ်သန်းသန်းလှ,ဗမာ,ဗုဒ္ဓ,-1,2017ByElection
441937441ea50c2bb04b2997be4ea509,,ဦးမျိုးမောင်မောင်စိုး,https://storage.googleapis.com/staticassets/candidate-photos/2017/PY_UMyoMgMgSoe.PNG,12/11/1975,M,ဗမာ,ဗုဒ္ဓ,"LL.B, DIL, DPM, MPM",တရားလွှတ်တော်ရှေ့နေ,တောင်သာမြို့နယ်၊ ဆီမီးကန်,ပြည်သူ့လွှတ်တော်,ရန်ကုန်,ကော့မှူးမဲဆန္ဒနယ်,0,MMR013,MMR013D003,MMR013028,,အမျိုးသားတိုးတက်ရေးပါတီ,,ဦးစိုးသိန်း,ဗမာ,ဗုဒ္ဓ,ဒေါ်တင်တင်အေး,ဗမာ,ဗုဒ္ဓ,-1,2017ByElection
f027860eb897607d5681c138c16d1f6e,,ဦးမျိုးသီဟထွန်း,https://storage.googleapis.com/staticassets/candidate-photos/2017/PY_UMyoThihaTun.PNG,2/24/1977,M,ဗမာ,ဗုဒ္ဓ,M.A(Q)Philosophy,တာဝန်ခံ၊ ကျေးလက်ဒေသဖွံ့ဖြိုးတိုးတက်ရေးကွန်ယက် (RDN),ကျုံဒရယ်ကျေးရွာ,ပြည်သူ့လွှတ်တော်,ရန်ကုန်,ကော့မှူးမဲဆန္ဒနယ်,0,MMR013,MMR013D003,MMR013028,,တစ်သီးပုဂ္ဂလ,https://storage.googleapis.com/staticassets/independent_logos/Yangon_KawMuu_UMyoThihaHtun.jpg,ဦးဝင်းစိန် (ကွယ်လွန်),ဗမာ,ဗုဒ္ဓ,ဒေါ်တင်တင်ဌေး (ကွယ်လွန်),ဗမာ,ဗုဒ္ဓ,-1,2017ByElection
1d8dcdd08cff8b39fe4d9245df88217a,,ဦးစိုင်းကျော်ခိုင်,https://storage.googleapis.com/staticassets/candidate-photos/2017/PY_USaiKyawKhine.PNG,11/30/1970,M,ရှမ်း,ဗုဒ္ဓ,B.Com,အရောင်းအဝယ်,​စျေးရပ်ကွက်,ပြည်သူ့လွှတ်တော်,ရှမ်း,ကျေးသီးမဲဆန္ဒနယ်,0,MMR014,MMR014D002,MMR014015,,ပြည်ထောင်စုကြံ့ခိုင်ရေးနှင့်ဖွံ့ဖြိုးရေးပါတီ,,ဦးမောင်မြင့်,ဗမာ,ဗုဒ္ဓ,ဒေါ်နန်းညိုဝင်း,ရှမ်း,ဗုဒ္ဓ,-1,2017ByElection
a04d9f06fa5c4aa61bd914b6b87e8302,,စိုင်းအောင်​ကျော်,https://storage.googleapis.com/staticassets/candidate-photos/2017/PY_SaiAungKyaw.PNG,9/9/1958,M,ရှမ်း,ဗုဒ္ဓ,"B.A,B.Ed",အငြိမ်းစား(လက်ထောက်ညွှန်ကြားရေးမှူး),−,ပြည်သူ့လွှတ်တော်,ရှမ်း,ကျေးသီးမဲဆန္ဒနယ်,0,MMR014,MMR014D002,MMR014015,,ရှမ်းတိုင်းရင်းသားများဒီမိုကရေစီအဖွဲ့ချုပ်ပါတီ,,ဦးမိုင် (ကွယ်လွန်),ရှမ်း,ဗုဒ္ဓ,ဒေါ်နန်းထွေး(ကွယ်လွန်),ရှမ်း,ဗုဒ္ဓ,18882,2017ByElection
7e2f3fb2092a0a19df47eb4a46f08f3b,,စိုင်းအွမ်ခမ်း,https://storage.googleapis.com/staticassets/candidate-photos/2017/PY_SaiAoumKhem.PNG,9/29/1974,M,ရှမ်း,ဗုဒ္ဓ,ပြည်ထောင်စုတိုင်းရင်းသားလူမျိုးများဖွံ့ဖြိုးရေးတက္ကသိုလ်ဆင်း,ကုန်သည်,​ဈေးရပ်,ပြည်သူ့လွှတ်တော်,ရှမ်း,ကျေးသီးမဲဆန္ဒနယ်,0,MMR014,MMR014D002,MMR014015,,အမျိုးသားဒီမိုကရေစီအဖွဲ့ချုပ်ပါတီ,,ဦးစိုင်းထွန်းအောင်,ရှမ်း,ဗုဒ္ဓ,ဒေါ်နန်းဌေးရီ,ရှမ်း,ဗုဒ္ဓ,-1,2017ByElection
529bbd4404751cfe0e1fd7dff76dbe0b,,ဒေါ်နန်းတင်ဦး,https://storage.googleapis.com/staticassets/candidate-photos/2017/PY_DawNanTinOo.PNG,11/6/1966,F,ရှမ်း,ဗုဒ္ဓ,တိုင်းရင်းသားလူမျိုးများဖွံ့ဖြိုးရေးသိပ္ပွံ ၊စဉ်(၁၇),အရောင်းအဝယ်,လုံပုရပ်ကွက်,ပြည်သူ့လွှတ်တော်,ရှမ်း,ကျေးသီးမဲဆန္ဒနယ်,0,MMR014,MMR014D002,MMR014015,,ရှမ်းတိုင်းရင်းသားများဒီမိုကရက်တစ်ပါတီ,,ဦးဆန်အုံး(ကွယ်လွန်),ရှမ်း,ဗုဒ္ဓ,ဒေါ်နိုင်းအောင်,ရှမ်း,ဗုဒ္ဓ,-1,2017ByElection
5ab4195f957cab655ce5782b98405593,,ဦးကျော်တင်​ရွှေ,https://storage.googleapis.com/staticassets/candidate-photos/2017/PY_UKyawTinShwe.PNG,3/5/1956,M,ရှမ်း,ဗုဒ္ဓ,ဒဿမတန်း,စိုက်ပျိုးရေး,ရပ်ကွက်(၄),ပြည်သူ့လွှတ်တော်,ရှမ်း,မိုင်းရှူးမဲဆန္ဒနယ်,0,MMR014,MMR014D002,MMR014017,,ပြည်ထောင်စုကြံ့ခိုင်ရေးနှင့်ဖွံ့ဖြိုးရေးပါတီ,,ဦးဘိုးကြည် (ကွယ်လွန်),ရှမ်း,ဗုဒ္ဓ,ဒေါ်နန်းထူး,ရှမ်း,ဗုဒ္ဓ,-1,2017ByElection
2a330c624436356b48937f27245c0e89,,စိုင်းဝင်းအေး (ခ) စိုင်းထွန်းအေး,https://storage.googleapis.com/staticassets/candidate-photos/2017/PY_SaiWinAye%40SaiTunAye.PNG,5/2/1972,M,ရှမ်း,ဗုဒ္ဓ,သိပ္ပံဘွဲ့ (သင်္ချာ),စတိုးဆိုင်လုပ်ငန်း,မိုးကုတ်မြို့၊ ရှေ့ပိုင်းအုပ်စု,ပြည်သူ့လွှတ်တော်,ရှမ်း,မိုင်းရှူးမဲဆန္ဒနယ်,0,MMR014,MMR014D002,MMR014017,,ရှမ်းတိုင်းရင်းသားများဒီမိုကရေစီအဖွဲ့ချုပ်ပါတီ,,ဦးတင်အေး,ရှမ်း,ဗုဒ္ဓ,ဒေါ်အုန်းရင်,ရှမ်း,ဗုဒ္ဓ,10216,2017ByElection
372048f17c0fd103d08c5dba4aff3ff6,,နန်းခမ်းယဉ်အောင်,https://storage.googleapis.com/staticassets/candidate-photos/2017/PY_NanKhemYinAung.PNG,11/5/1975,F,ဗမာ+ရှမ်း,ဗုဒ္ဓ,"B.A, M.A(Myanmar), M.A(ASEAN Studies)",ဘော်ဒါဆောင် ဖွင့်ခြင်း,−,ပြည်သူ့လွှတ်တော်,ရှမ်း,မိုင်းရှူးမဲဆန္ဒနယ်,0,MMR014,MMR014D002,MMR014017,,ရှမ်းတိုင်းရင်းသားများဒီမိုကရက်တစ်ပါတီ,,ဦးသောင်းစိန်,ဗမာ,ဗုဒ္ဓ,ဒေါ်နန်းတင်မေ,ရှမ်း,ဗုဒ္ဓ,-1,2017ByElection
fb27aaa810490eca35ac455b0cb20cc8,,ဦးဝင်းနိုင်,https://storage.googleapis.com/staticassets/candidate-photos/2017/PY_UWinNaing.PNG,10/30/1974,M,ရှမ်း+ဗမာ,ဗုဒ္ဓ,B.Sc (Hons.) Marine Science,ကျူရှင်(စာသင်ဝိုင်း),ဟိုဆိုင်,ပြည်သူ့လွှတ်တော်,ရှမ်း,မိုင်းရှူးမဲဆန္ဒနယ်,0,MMR014,MMR014D002,MMR014017,,အမျိုးသားဒီမိုကရေစီအဖွဲ့ချုပ်ပါတီ,,ဦးညီညီ,ဗမာ,ဗုဒ္ဓ,ဒေါ်မြသန်း,ရှမ်း,ဗုဒ္ဓ,-1,2017ByElection
b17f87651756324fe06a7b659a7d8488,,ဦးဆူရယ်,https://storage.googleapis.com/staticassets/candidate-photos/2017/SR_USueYal.PNG,4/15/1986,M,ကယား,ဗုဒ္ဓ,(၁၀)တန်း,တောင်သူ,မထော်ကျေးရွာအုပ်စု,တိုင်းဒေသကြီး/ပြည်နယ် လွှတ်တော်,ကယား,ဖရူဆိုမဲဆန္ဒနယ်,1,MMR002,MMR002D001,MMR002003,,အမျိုးသားတိုးတက်ရေးပါတီ,,ဦးစဲရယ်,ကယား,ဗုဒ္ဓ,ဒေါ်နန်းခမ်း,ရှမ်း,ဗုဒ္ဓ,-1,2017ByElection
2623cfbcc5df44984b1c0579a262fb3b,,ဦးရီးချက်,https://storage.googleapis.com/staticassets/candidate-photos/2017/SR_UYeeChat.PNG,8/18/1964,M,ကယား,ခရစ်ယာန်,(၁၀)တန်း,အရောင်းအဝယ်,ညောင်ဇင်ရပ်ကွက်,တိုင်းဒေသကြီး/ပြည်နယ် လွှတ်တော်,ကယား,ဖရူဆိုမဲဆန္ဒနယ်,1,MMR002,MMR002D001,MMR002003,,ပြည်ထောင်စုကြံ့ခိုင်ရေးနှင့်ဖွံ့ဖြိုးရေးပါတီ,,ဦးစောလုလူ (ကွယ်လွန်),−,−,ဒေါ်ဒေးမိုး (ကွယ်လွန်),−,−,-1,2017ByElection
6d7e4baad24653bebd049197278acc53,,ဦးသဲရယ်,https://storage.googleapis.com/staticassets/candidate-photos/2017/SR_UThelYal.PNG,4/17/1978,M,ကယား,ခရစ်ယာန်,(၁၀)တန်း,တောင်ယာ,မြို့မကျေးရွာအုပ်စု,တိုင်းဒေသကြီး/ပြည်နယ် လွှတ်တော်,ကယား,ဖရူဆိုမဲဆန္ဒနယ်,1,MMR002,MMR002D001,MMR002003,,လူမျိုးပေါင်းစုံဒီမိုကရေစီပါတီ(ကယားပြည်နယ်),,ဦးလိရယ် (ကွယ်လွန်),ကယား,ခရစ်ယာန်,ဒေါ်တူမာ,ကယား,ခရစ်ယာန်,-1,2017ByElection
b3d4963baed5b67d33b46ef2458c20a5,,စိုင်းစံမိုင်း,https://storage.googleapis.com/staticassets/candidate-photos/2017/SR_SaiSanMine.PNG,3/6/1981,M,ရှမ်း,ဗုဒ္ဓ,ပထမနှစ် (ပထဝီဝင်),ဓါတ်ပုံဆရာ/လယ်ယာ,ဈေးရပ်ကွက်,တိုင်းဒေသကြီး/ပြည်နယ် လွှတ်တော်,ရှမ်း,ကျေးသီးမဲဆန္ဒနယ်,1,MMR014,MMR014D002,MMR014015,,ရှမ်းတိုင်းရင်းသားများဒီမိုကရေစီအဖွဲ့ချုပ်ပါတီ,,ဦးစိုင်းလှဦး (ကွယ်),ရှမ်း,ဗုဒ္ဓ,ဒေါ်နန်းခင်ထွေး,ရှမ်း,ဗုဒ္ဓ,11542,2017ByElection
fd059e8cd328b5d73c77c4893c816bf6,,စိုင်းဆိုင်လင်း,https://storage.googleapis.com/staticassets/candidate-photos/2017/SR_SaiSaaiLin.PNG,2/12/1986,M,ရှမ်း,ဗုဒ္ဓ,B.Econ(Statistics),အရောင်းအဝယ်,ဈေးရပ်/၁၅၉,တိုင်းဒေသကြီး/ပြည်နယ် လွှတ်တော်,ရှမ်း,ကျေးသီးမဲဆန္ဒနယ်,1,MMR014,MMR014D002,MMR014015,,အမျိုးသားဒီမိုကရေစီအဖွဲ့ချုပ်ပါတီ,,ဦးစိုင်းထူးဟန်,ရှမ်း,ဗုဒ္ဓ,ဒေါ်နန်းမို,ရှမ်း,ဗုဒ္ဓ,-1,2017ByElection
eef65539b2cb8e5edc9a5b103d8d9d06,,ဦးစိုင်းရွှေမှုံ(ခ)ဦးစိုင်းလိတ်,https://storage.googleapis.com/staticassets/candidate-photos/2017/SR_SaiShweMone(Ka)USaiLate.PNG,5/23/1952,M,ရှမ်း,ဗုဒ္ဓ,(၁၀)တန်း,အရောင်းအဝယ်,ကန်ပန်ရပ်ကွက်,တိုင်းဒေသကြီး/ပြည်နယ် လွှတ်တော်,ရှမ်း,ကျေးသီးမဲဆန္ဒနယ်,1,MMR014,MMR014D002,MMR014015,,ပြည်ထောင်စုကြံ့ခိုင်ရေးနှင့်ဖွံ့ဖြိုးရေးပါတီ,,ဦးစိုင်းအိန္ဒာ (ကွယ်လွန်),ရှမ်း,ဗုဒ္ဓ,ဒေါ်မိုင်ငင်း (ကွယ်လွန်),ရှမ်း,ဗုဒ္ဓ,-1,2017ByElection
b6c34c1be1ea9199eeaaf83ecb09609f,,နန်းနွေးနွေး,https://storage.googleapis.com/staticassets/candidate-photos/2017/SR_NanNwayNway.PNG,3/18/1989,F,ရှမ်း,ဗုဒ္ဓ,အထက်တန်း,စက်ချုပ်,လုံပုရပ်ကွက်,တိုင်းဒေသကြီး/ပြည်နယ် လွှတ်တော်,ရှမ်း,ကျေးသီးမဲဆန္ဒနယ်,1,MMR014,MMR014D002,MMR014015,,ရှမ်းတိုင်းရင်းသားများဒီမိုကရက်တစ်ပါတီ,,ဦးတင်ဆန်း (ကွယ်လွန်),ဗမာ,ဗုဒ္ဓ,ဒေါ်နန်းထွေးခိုင်,ရှမ်း,ဗုဒ္ဓ,-1,2017ByElection
8a8984843967e0e3155c141945b9b732,,ဦးကျာဘို,https://storage.googleapis.com/staticassets/candidate-photos/2017/SR_UKyarBo.PNG,6/3/1974,M,လားဟူ,ခရစ်ယာန်,၅ တန်း,ဈေးရောင်း,ဝမ်စိမ်းအုပ်စု၊ ဝမ်စိမ်းရွာ,တိုင်းဒေသကြီး/ပြည်နယ် လွှတ်တော်,ရှမ်း,ကျေးသီးမဲဆန္ဒနယ်,2,MMR014,MMR014D002,MMR014015,,လားဟူအမျိုးသားဖွံ့ဖြိုးတိုးတက်ရေးပါတီ,,ဦးကျာဖ,လားဟူ,ခရစ်ယာန်,ဒေါ်နန်းဝါ,လားဟူ,ခရစ်ယာန်,-1,2017ByElection
7b92766f7acc4514d91abb022747de83,,ဦးခင်မောင်ညွန့်,https://storage.googleapis.com/staticassets/candidate-photos/2017/SR_UKhinMaungNyunt.PNG,6/25/1957,M,ရှမ်း,ဗုဒ္ဓ,ဘီအေ(သမိုင်း),တော်ဝင်ဖိနပ်ဆိုင်လုပ်ငန်း၊ တောင်ကြီးမြို့,ရေအေးကွင်းရပ်ကွက်,တိုင်းဒေသကြီး/ပြည်နယ် လွှတ်တော်,ရှမ်း,ကျေးသီးမဲဆန္ဒနယ်,2,MMR014,MMR014D002,MMR014015,,ရှမ်းတိုင်းရင်းသားများဒီမိုကရေစီအဖွဲ့ချုပ်ပါတီ,,ဦးခွန်ကျော်ဖ (ကွယ်လွန်),ရှမ်း,ဗုဒ္ဓ,ဒေါ်စဝ်ညွန့်ရီ (ကွယ်လွန်),ရှမ်း,ဗုဒ္ဓ,7832,2017ByElection
887795cf066e5bed821b10badfaa40ba,,ဦးစိုင်းမိုး​ကျော်သူ,https://storage.googleapis.com/staticassets/candidate-photos/2017/SR_USaiMoeKyawThu.PNG,1/14/1967,M,ရှမ်း,ဗုဒ္ဓ,(၁၀)တန်းအောင်၊ ဖွံ့ဖြိုးရေးသိပ္ပံဆင်း,ရောင်း/ဝယ်,ရပ်ကွက်(၃),တိုင်းဒေသကြီး/ပြည်နယ် လွှတ်တော်,ရှမ်း,ကျေးသီးမဲဆန္ဒနယ်,2,MMR014,MMR014D002,MMR014015,,ပြည်ထောင်စုကြံ့ခိုင်ရေးနှင့်ဖွံ့ဖြိုးရေးပါတီ,,ဦးစဝ်အေးမောင်,ရှမ်း,ဗုဒ္ဓ,ဒေါ်နန်းခမ်းလိတ်,ရှမ်း,ဗုဒ္ဓ,-1,2017ByElection
a18d53a9b6dba242196ca878322996d3,,စိုင်းသန့်ဇင်လင်း,https://storage.googleapis.com/staticassets/candidate-photos/2017/SR_USaiThantZinLin.PNG,4/25/1980,M,ရှမ်း,ဗုဒ္ဓ,"LL.B, DBL",ရှေ့နေ,တောင်ကြီးမြို့၊ သစ်တောရပ်ကွက်,တိုင်းဒေသကြီး/ပြည်နယ် လွှတ်တော်,ရှမ်း,ကျေးသီးမဲဆန္ဒနယ်,2,MMR014,MMR014D002,MMR014015,,အမျိုးသားဒီမိုကရေစီအဖွဲ့ချုပ်ပါတီ,,ဦးလှမြင့်,ရှမ်း,ဗုဒ္ဓ,ဒေါ်နန်းဝင်းဝင်းဆွေ,ရှမ်း,ဗုဒ္ဓ,-1,2017ByElection
f04ea7e18b09d6f7469926ce78039083,,နန်းမွန်းအောင်,https://storage.googleapis.com/staticassets/candidate-photos/2017/SR_NanMoonAung.PNG,8/14/1987,F,ရှမ်း,ဗုဒ္ဓ,B.A(Geo),အရောင်းအဝယ်,အမှတ်(၂)ရပ်ကွက်၊ ဝမ်စိမ်း​ကျေးရွာအုပ်စု,တိုင်းဒေသကြီး/ပြည်နယ် လွှတ်တော်,ရှမ်း,ကျေးသီးမဲဆန္ဒနယ်,2,MMR014,MMR014D002,MMR014015,,ရှမ်းတိုင်းရင်းသားများဒီမိုကရက်တစ်ပါတီ,,ဦးဝိဇောတ,ရှမ်း,ဗုဒ္ဓ,ဒေါ်နန်းနွမ်းစိန်,ရှမ်း,ဗုဒ္ဓ,-1,2017ByElection
c127a7ee1bfe3e3a003315e530a877f6,,ဦးကျော်ခင်,https://storage.googleapis.com/staticassets/candidate-photos/2017/SR_UKyawKhin.PNG,5/5/1939,M,ဗမာ,ဗုဒ္ဓ,သိပ္ပံဘွဲ့,နိုင်ငံရေးသမား,−,တိုင်းဒေသကြီး/ပြည်နယ် လွှတ်တော်,ရှမ်း,မိုင်းရှူးမဲဆန္ဒနယ်,1,MMR014,MMR014D002,MMR014017,,အမျိုးသားဒီမိုကရေစီအဖွဲ့ချုပ်ပါတီ,,ဦးညွန့်,ဗမာ,ဗုဒ္ဓ,ဒေါ်စိန်တင်,ဗမာ,ဗုဒ္ဓ,-1,2017ByElection
76a32ca3ade3bc15f2c6651994551abd,,ဦးစိုင်းစံညွန့်,https://storage.googleapis.com/staticassets/candidate-photos/2017/SR_USaiSanNyunt.PNG,9/8/1966,M,ရှမ်း,ဗုဒ္ဓ,ပြည်ထောင်စုတိုင်းရင်းသားလူမျိုးများ ဖွံ့ဖြိုးရေးသိပ္ပံဆင်း,တောင်ယာ/ခြံစိုက်ပျိုးရေး,ရပ်ကွက်(၄),တိုင်းဒေသကြီး/ပြည်နယ် လွှတ်တော်,ရှမ်း,မိုင်းရှူးမဲဆန္ဒနယ်,1,MMR014,MMR014D002,MMR014017,,ပြည်ထောင်စုကြံ့ခိုင်ရေးနှင့်ဖွံ့ဖြိုးရေးပါတီ,,ဦးအုန်းရွှေ (ကွယ်လွန်),ရှမ်း,ဗုဒ္ဓ,ဒေါ်နန်းအုံးမေ,ရှမ်း,ဗုဒ္ဓ,-1,2017ByElection
a6b1290509887db87ed51e959d0d6899,,ဦးစိုင်းလင်းမြတ်,https://storage.googleapis.com/staticassets/candidate-photos/2017/SR_USaiLinMyat.PNG,4/5/1973,M,ရှမ်း,ဗုဒ္ဓ,B.Sc(သင်္ချာ),ဒု−ရေကြောင်းအရာရှိ(ငြိမ်း),တောင်ကြီး၊ ဘုရားဖြူရပ်ကွက်,တိုင်းဒေသကြီး/ပြည်နယ် လွှတ်တော်,ရှမ်း,မိုင်းရှူးမဲဆန္ဒနယ်,1,MMR014,MMR014D002,MMR014017,,ရှမ်းတိုင်းရင်းသားများဒီမိုကရေစီအဖွဲ့ချုပ်ပါတီ,,ဦးအောင်ကျော် (ခ) ဦးခွန်ဌေး,ရှမ်း,ဗုဒ္ဓ,ဒေါ်ခင်ရီ (ခ) ခင်ရီဝင်း,ရှမ်း,ဗုဒ္ဓ,4764,2017ByElection
5fc29b2d123a7d25fe598ba098b6eed6,,ဦးဆမ်းဆန်,https://storage.googleapis.com/staticassets/candidate-photos/2017/SR_SamSan.PNG,5/3/1968,M,"""ဝ""",ခရစ်ယာန်,၈တန်း,ယာဉ်လုပ်ငန်း၊ ယာဉ်မောင်း,−,တိုင်းဒေသကြီး/ပြည်နယ် လွှတ်တော်,ရှမ်း,မိုင်းရှူးမဲဆန္ဒနယ်,1,MMR014,MMR014D002,MMR014017,,"""ဝ""လစ်ဘရယ်ဒီမိုကရက်တစ်တိုးတက်ဖွံ့ဖြိုးရေးပါတီ",,ဦးအိုင်ဟော့ (ကွယ်လွန်),"""ဝ""",ခရစ်ယာန်,ဒေါ်ယေ့ခွက် (ကွယ်လွန်),"""ဝ""",ခရစ်ယာန်,-1,2017ByElection
c2bdd033a903ac0beac360e9ee8d912a,,ဒေါ်နန်းစံဦး,https://storage.googleapis.com/staticassets/candidate-photos/2017/SR_NanSanOo.PNG,6/12/1985,F,ရှမ်း,ဗုဒ္ဓ,ဒဿမတန်း,စက်ချုပ်,−,တိုင်းဒေသကြီး/ပြည်နယ် လွှတ်တော်,ရှမ်း,မိုင်းရှူးမဲဆန္ဒနယ်,1,MMR014,MMR014D002,MMR014017,,ရှမ်းတိုင်းရင်းသားများဒီမိုကရက်တစ်ပါတီ,,ဦးဆန်လူ,ရှမ်း,ဗုဒ္ဓ,ဒေါ်နန်းနု,ရှမ်း,ဗုဒ္ဓ,-1,2017ByElection
2fd7558b7cfb65fbc5a6fc78b82253dd,,ဦးစိုင်းကံ,https://storage.googleapis.com/staticassets/candidate-photos/2017/SR_USaiKan.PNG,5/6/1969,M,ရှမ်း,ဗုဒ္ဓ,ပြည်ထောင်စုတိုင်းရင်းသားလူမျိုးများ ဖွံ့ဖြိုးရေးသိပ္ပံဆင်း (၂၁/၇၆),စိုက်ပျိုးရေး,မိုင်းအော့ကျေးရွာအုပ်စု,တိုင်းဒေသကြီး/ပြည်နယ် လွှတ်တော်,ရှမ်း,မိုင်းရှူးမဲဆန္ဒနယ်,2,MMR014,MMR014D002,MMR014017,,ပြည်ထောင်စုကြံ့ခိုင်ရေးနှင့်ဖွံ့ဖြိုးရေးပါတီ,,ဦးဆန်သြ,ရှမ်း,ဗုဒ္ဓ,ဒေါ်နိုင်းမတ်,ရှမ်း,ဗုဒ္ဓ,-1,2017ByElection
9e039be2b6bfefd4457ca082557ff477,,ဦးစိုင်းဘထွန်း,https://storage.googleapis.com/staticassets/candidate-photos/2017/SR_SaiBaTun.PNG,3/9/1967,M,ရှမ်း,ဗုဒ္ဓ,နဝမတန်း,တောင်သူ၊ ခြံလုပ်ငန်း,−,တိုင်းဒေသကြီး/ပြည်နယ် လွှတ်တော်,ရှမ်း,မိုင်းရှူးမဲဆန္ဒနယ်,2,MMR014,MMR014D002,MMR014017,,ရှမ်းတိုင်းရင်းသားများဒီမိုကရက်တစ်ပါတီ,,ဦးစံဘ (ကွယ်လွန်) (ခ) ဦးမောင်ဘ,ရှမ်း,ဗုဒ္ဓ,ဒေါ်သန်းညွှန့်,ရှမ်း,ဗုဒ္ဓ,-1,2017ByElection
f2221dc3525c388a4997b4fb2ee9250d,,ဦးဆန်းမွန် (ခ) ဦးဆမ်မိန်း,https://storage.googleapis.com/staticassets/candidate-photos/2017/SR_USannMoon(Ka)USannMain.PNG,4/14/1964,M,"""ဝ""",ခရစ်ယာန်,စိုက်/မွေး အထက်တန်းကျောင်းအောင်,တပိုင်တနိုင် စိုက်/မွေးမြူရေး,ရပ်ကွက် ၁ လားရှိုးမြို့,တိုင်းဒေသကြီး/ပြည်နယ် လွှတ်တော်,ရှမ်း,မိုင်းရှူးမဲဆန္ဒနယ်,2,MMR014,MMR014D002,MMR014017,,"""ဝ""လစ်ဘရယ်ဒီမိုကရက်တစ်တိုးတက်ဖွံ့ဖြိုးရေးပါတီ",,ဦးဆမ်းဘရာ့ (ကွယ်လွန်),"""ဝ""",ခရစ်ယာန်,ဒေါ်အုတ်နန် (ကွယ်လွန်),"""ဝ""",ခရစ်ယာန်,-1,2017ByElection
95bf90db897f8a067d1dda23caa611a4,,ဒေါ်နန်းကောင်ခမ်း,https://storage.googleapis.com/staticassets/candidate-photos/2017/SR_DawNanKaungKhan.PNG,9/3/1969,F,ရှမ်း,ဗုဒ္ဓ,စိတ်ပညာ (B.A),အရောင်းအဝယ် (အထည်ဆိုင်),−,တိုင်းဒေသကြီး/ပြည်နယ် လွှတ်တော်,ရှမ်း,မိုင်းရှူးမဲဆန္ဒနယ်,2,MMR014,MMR014D002,MMR014017,,ရှမ်းတိုင်းရင်းသားများဒီမိုကရေစီအဖွဲ့ချုပ်ပါတီ,,ဦးသိန်းဆိုင် (ဆုံး),ရှမ်း,ဗုဒ္ဓ,ဒေါ်နန်းခမ်းလူ (ခ) ဒေါ်နန်းလူလွယ်,ရှမ်း,ဗုဒ္ဓ,1,2017ByElection
e013f4ab5157d74dae6c0d1a5c60276b,,နန်းစင့်ခမ်း,https://storage.googleapis.com/staticassets/candidate-photos/2017/SR_DawNanSintKhan.PNG,4/5/1983,F,ရှမ်း,ဗုဒ္ဓ,B.Sc(Phy;),ကွန်ပျူတာသင်တန်း,ဟိုဆိုင်ကျေးရွာအုပ်စု,တိုင်းဒေသကြီး/ပြည်နယ် လွှတ်တော်,ရှမ်း,မိုင်းရှူးမဲဆန္ဒနယ်,2,MMR014,MMR014D002,MMR014017,,အမျိုးသားဒီမိုကရေစီအဖွဲ့ချုပ်ပါတီ,,ဦးစိုင်းစိန်ဝင်း,ရှမ်း,ဗုဒ္ဓ,ဒေါ်ခင်ကြွေ,ရှမ်း,ဗုဒ္ဓ,-1,2017ByElection
251696b8ed672f38d3ad7043ef7cee0e,,Dr. စိုင်းရွက်ဟောင်(ခ)စိုင်းရွက်,https://storage.googleapis.com/staticassets/candidate-photos/2017/SR_DrSaiYwetHaung(Ka)SaiYwet.PNG,4/10/1953,M,ရှမ်း,ဗုဒ္ဓ,B.V.S(YGN),တိရစ္ဆာန်ဆေးကုသဆရာဝန်,ရပ်ကွက်(၅)၊ ကျိုင်းအင်း,တိုင်းဒေသကြီး/ပြည်နယ် လွှတ်တော်,ရှမ်း,ကျိုင်းတုံမဲဆန္ဒနယ်,2,MMR016,MMR016D001,MMR016001,,ရှမ်းတိုင်းရင်းသားများဒီမိုကရက်တစ်ပါတီ,,ဦးစိုင်းအောင်,ရှမ်း,ဗုဒ္ဓ,နန်းကွယ်,ရှမ်း,ဗုဒ္ဓ,-1,2017ByElection
433c087c7ad4b04fceee46bdf8310651,,ဦးစိုင်းလုံ,https://storage.googleapis.com/staticassets/candidate-photos/2017/SR_USaiLone.PNG,7/31/1955,M,ရှမ်း,ခရစ်ယာန်,အလယ်တန်း,စိုက်ပျိုးရေး (လယ်),တာလေ နားယောင်းကျေးရွာအုပ်စု,တိုင်းဒေသကြီး/ပြည်နယ် လွှတ်တော်,ရှမ်း,ကျိုင်းတုံမဲဆန္ဒနယ်,2,MMR016,MMR016D001,MMR016001,,ရှမ်းတိုင်းရင်းသားများဒီမိုကရေစီအဖွဲ့ချုပ်ပါတီ,,ဦးသြကတ်စတင်း (ခ) လွီးဂျီ (သေဆုံး),ရှမ်း,ခရစ်ယာန်,ဒေါ်ပါနွမ် (ခ) ထရေးဇီးနာ (သေဆုံး),ရှမ်း,ခရစ်ယာန်,-1,2017ByElection
c8c8e4e5c73ca7a8be3aab4cdc006ff1,,ဒေါ်နာတာလီနာ (ခ) ယာမီ,https://storage.googleapis.com/staticassets/candidate-photos/2017/SR_DawNarTarLiNar(Ka)YarMee.PNG,12/23/1963,F,အာခါ,ခရစ်ယာန် (ကက်သလစ်),B.A (Myanmar),ကုန်သည်,−,တိုင်းဒေသကြီး/ပြည်နယ် လွှတ်တော်,ရှမ်း,ကျိုင်းတုံမဲဆန္ဒနယ်,2,MMR016,MMR016D001,MMR016001,,အာခါအမျိုးသားဖွံ့ဖြိုးတိုးတက်ရေးပါတီ,,ဦးအား​​ညွေ (ကွယ်လွန်),အာခါ,ခရစ်ယာန် (ကက်သလစ်),ဒေါ်အားဒို,အာခါ,ခရစ်ယာန် (ကက်သလစ်),-1,2017ByElection
938f4da912b168ffff80bf6a2df316cb,,ဦးရှာမွေလရှဲန်,https://storage.googleapis.com/staticassets/candidate-photos/2017/SR_USharMwayLaShan.PNG,10/16/1958,M,လားဟူ,ခရစ်ယာန်,ဘီအေ ဘီအီးဒီ (သမိုင်း),ပညာရေး(ငြိမ်း),−,တိုင်းဒေသကြီး/ပြည်နယ် လွှတ်တော်,ရှမ်း,ကျိုင်းတုံမဲဆန္ဒနယ်,2,MMR016,MMR016D001,MMR016001,,ပြည်ထောင်စုကြံ့ခိုင်ရေးနှင့်ဖွံ့ဖြိုးရေးပါတီ,,ဦးအိုက်ဒေါ်ရှဲန် (ကွယ်လွန်),လားဟူ,ခရစ်ယာန်,ဒေါ်နန်းရှဲန် (ကွယ်လွန်),လားဟူ,ခရစ်ယာန်,7026,2017ByElection
b4b2013ccbe61d0fbe5a5f1b5175dac6,,ဒေါက်တာဝဏ္ဏစိုး,https://storage.googleapis.com/staticassets/candidate-photos/2017/SR_DrWannaSoe.PNG,12/3/1952,M,ဗမာ,ခရစ်ယာန်,B.D.S (Ygn),အငြိမ်းစား၊ ပြည်နယ်အထူးကုဆရာဝန်ကြီး (သွား/ခံတွင်း),ပိန်းဆန်းရပ်ကွက်၊ မိုင်းပျဉ်းမြို့နယ်,တိုင်းဒေသကြီး/ပြည်နယ် လွှတ်တော်,ရှမ်း,ကျိုင်းတုံမဲဆန္ဒနယ်,2,MMR016,MMR016D001,MMR016001,,အမျိုးသားဒီမိုကရေစီအဖွဲ့ချုပ်ပါတီ,,ဦးစိုးလှိုင်,ဗမာ,ဗုဒ္ဓ,ဒေါ်ခင်ကြည်,ဗမာ,ဗုဒ္ဓ,-1,2017ByElection
945bf35ede3e04e2f0c64ac5188e3e08,,ဦးအာမုတ်,https://storage.googleapis.com/staticassets/candidate-photos/2017/SR_UArMote.PNG,12/7/1981,M,လားဟူ,ခရစ်ယာန်,B.Sc (Geology),လယ်,ယန်းလောအုပ်စု၊ ဆွန်နောင်ခမ်းရွာ,တိုင်းဒေသကြီး/ပြည်နယ် လွှတ်တော်,ရှမ်း,ကျိုင်းတုံမဲဆန္ဒနယ်,2,MMR016,MMR016D001,MMR016001,,လားဟူအမျိုးသားဖွံ့ဖြိုးတိုးတက်ရေးပါတီ,,ဦးကျာဝ,လားဟူ,ခရစ်ယာန်,ဒေါ်စိုမွှေး,လားဟူ,ခရစ်ယာန်,-1,2017ByElection
62b33e893bc5157ff8f1e767733b533a,,ဦးခင်မောင်ဝင်း (ခ) မောင်ဝင်း,https://storage.googleapis.com/staticassets/candidate-photos/2017/SR_UKhinMaungWin(Ka)MaungWin.PNG,8/7/1972,M,ရှမ်း,ဗုဒ္ဓ,B.Sc (Zoology),တောင်သူ၊ ခြံ၊ ကုန်သည်,−,တိုင်းဒေသကြီး/ပြည်နယ် လွှတ်တော်,ရှမ်း,ညောင်ရွှေမဲဆန္ဒနယ်,1,MMR014,MMR014D001,MMR014002,,အမျိုးသားဒီမိုကရေစီအဖွဲ့ချုပ်ပါတီ,,ဦးဂန္တမာ,ရှမ်း,ဗုဒ္ဓ,ဒေါ်သန်းတင်,ရှမ်း,ဗုဒ္ဓ,17204,2017ByElection
c9277b6897b1b3a8137d9d463d5c52b0,,ဦးစံရွှေ,https://storage.googleapis.com/staticassets/candidate-photos/2017/SR_USanShwe.PNG,11/27/1943,M,အင်း,ဗုဒ္ဓ,ဘီအေအီး ဒီဘီအီးဒီ (B.A Ed./ B.Ed),ပြည်နယ်ပညာရေးမှုး (ငြိမ်း),မြို့လည်ရပ်,တိုင်းဒေသကြီး/ပြည်နယ် လွှတ်တော်,ရှမ်း,ညောင်ရွှေမဲဆန္ဒနယ်,1,MMR014,MMR014D001,MMR014002,,ပြည်ထောင်စုကြံ့ခိုင်ရေးနှင့်ဖွံ့ဖြိုးရေးပါတီ,,ဦးစံဝ (ကွယ်လွန်),အင်း,ဗုဒ္ဓ,ဒေါ်ဖွါးသီ (ကွယ်လွန်),အင်း,ဗုဒ္ဓ,-1,2017ByElection
9a3a84502c23dffbf50e6f8d2f91ce0e,,ဦးသော်တာ,https://storage.googleapis.com/staticassets/candidate-photos/2017/SR_UThawTar.PNG,7/13/1965,M,အင်း,ဗုဒ္ဓ,မြန်မာစာ အထူးပြု ဝိဇ္ဇာဘွဲ့,စိုက်ပျိုးရေးလုပ်ငန်း,−,တိုင်းဒေသကြီး/ပြည်နယ် လွှတ်တော်,ရှမ်း,ညောင်ရွှေမဲဆန္ဒနယ်,1,MMR014,MMR014D001,MMR014002,,အင်းအမျိုးသားဖွံ့ဖြိုးတိုးတက်ရေးပါတီ,,ဦးအုန်းလွင် (ကွယ်လွန်),−,−,ဒေါ်လှမေ (ကွယ်လွန်),−,−,-1,2017ByElection