question_category,number,question_type,question,answer,law_or_source,article_or_section,election
Civic Education,2,Open-ended,နိုင်ငံတော်ကို ပြည်သူက အုပ်ချုပ်ရတယ်လို့ ဘာကြောင့် ပြောနိုင်သလဲ။,၂၀၀၈ ဖွဲ့စည်းပုံအခြေခံဥပဒေအရ နိုင်ငံတော်ရဲ့ အချုပ်အခြာအာဏာဟာ နိုင်ငံသားများထံက ဆင်းသက်ပြီး၊ နိုင်ငံဝန်းလုံးမှာ တည်ရတဲ့အတွက် ဖြစ်ပါတယ်။,(၂၀၀၈) ဖွဲ့စည်းပုံအခြေခံဥပဒေ,အခန်း (၁)၊ ပုဒ်မ ၄,2015GeneralElection
Civic Education,3,Open-ended,မြန်မာနိုင်ငံက ဒီမိုကရေစီ နိုင်ငံလား၊ ဒီမိုကရေစီ ရပြီလား။,ဖွဲ့စည်းပုံအခြေခံဥပဒေအရ မြန်မာနိုင်ငံသည် ပါတီစုံဒီမိုကရေစီစနစ်ကို ကျင့်သုံးသော နိုင်ငံဖြစ်ပါသည်။,(၂၀၀၈) ဖွဲ့စည်းပုံအခြေခံဥပဒေ,အခန်း (၁)၊ ပုဒ်မ ၇,2015GeneralElection
Civic Education,5,Open-ended,အာဏာ သုံးရပ် ဆိုတာ ဘာတွေလဲ။,နိုင်ငံတော်အချုပ်အခြာအာဏာမှာ ဥပဒေပြုရေးအာဏာ၊ အုပ်ချုပ်ရေးအာဏာနဲ့ တရားစီရင်ရေးအာဏာ ဆိုပြီး၊ ခက်မသုံးဖြာ ရှိပါတယ်။,(၂၀၀၈) ဖွဲ့စည်းပုံအခြေခံဥပဒေ,အခန်း (၁)၊ ပုဒ်မ ၁၁ (က),2015GeneralElection
Civic Education,6,Open-ended,နိုင်ငံတော်တွင် ပြည်ထောင်စုနယ်မြေ၊ တိုင်းဒေသကြီးနှင့် ပြည်နယ် ဘယ်နှစ်ခုဖြင့် ဖွဲ့စည်းထားပါသလဲ။,နိုင်ငံတော်ကို တိုင်းဒေသကြီး (၇) ခု၊ ပြည်နယ် (၇) ခု နဲ့ ပြည်ထောင်စုနယ်မြေများနဲ့ ပိုင်းခြား သတ်မှတ်ထားပါတယ်။,(၂၀၀၈) ဖွဲ့စည်းပုံအခြေခံဥပဒေ,အခန်း (၂)၊ ပုဒ်မ ၄၉ နှင့် ၅၀,2015GeneralElection
Civic Education,9,Open-ended,နိုင်ငံ့ခေါင်းဆောင် တစ်ဦးမှာ ရှိသင့်ရှိထိုက်တဲ့ အရည်အချင်းတွေက ဘာတွေလဲ။,ဖွဲ့စည်းပုံအခြေခံဥပဒေအရ နိုင်ငံတော်သမ္မတဟာ နိုင်ငံတော်ရဲ့ အကြီးအကဲ ဖြစ်ပါတယ်။ နိုင်ငံတော်သမ္မတအဖြစ် ရှိသင့်ရှိထိုက်တဲ့ အရည်အချင်းတွေကတော့ နိုင်ငံတော်နဲ့ နိုင်ငံသားများအပေါ် သစ္စာရှိသူ၊ ကိုယ်တိုင်နဲ့ မိဘနှစ်ပါးလုံးဟာ နိုင်ငံတော်ရဲ့ အာဏာပိုင်နက်အတွင်းမှာ မွေးဖွားတဲ့ တိုင်းရင်းသားမှ ဖြစ်တဲ့ မြန်မာနိုင်ငံသားဖြစ်သူ၊ အနည်းဆုံး အနှစ် ၂၀တွင်း နိုင်ငံတော်အတွင်းနေထိုင်သူ၊ မိမိသော်လည်းကောင်း၊ခင်ပွန်း၊ဇနီးသော်လည်းကောင်း၊ သားသမီးသော်လည်းကောင်း တိုင်းတစ်ပါးနိုင်ငံ၏နိုင်ငံသားနှင့်အကျိုးကျေးဇူးခံစားခွင့်များကို ခံစားနိုင်ခွင့်ရှိသူမဖြစ်ရနဲ့ ဖွဲ့စည်းပုံအခြေခံဥပဒေအရ ပြဌာန်းထားသော သမ္မတအရည်အချင်းများ ရှိသူ ဖြစ်ရပါမယ်။,(၂၀၀၈) ဖွဲ့စည်းပုံအခြေခံဥပဒေ,အခန်း (၃)၊ ပုဒ်မ ၅၉,2015GeneralElection
Civic Education,10,Yes/No,ပြည်သူလူထုမှ သမ္မတ ဖြစ်ခွင့်ရှိသလား။,နိုင်ငံသားတိုင်းဟာ ဖွဲ့စည်းပုံ အခြေခံဥပဒေပါ အရည်အချင်းနဲ့ ကိုက်ညီရင် ပြည်သူလူထုမှသမ္မတဖြစ်ခွင့် ရှိပါတယ်။,(၂၀၀၈) ဖွဲ့စည်းပုံအခြေခံဥပဒေ,အခန်း (၃)၊ ပုဒ်မ ၅၉,2015GeneralElection
Civic Education,11,Open-ended,နိုင်ငံတော်သမ္မတကို ဘယ်လိုရွေးချယ်တင်မြောက်လို့ရသလဲ။,သမ္မတ ရွေးချယ်တင်မြှောက်ရေးအဖွဲ့နှင့် ရွေးချယ်တင်မြှောက်ရပါမယ်။ ရွေးချယ်တင်မြှောက်ရေးအဖွဲ့ကို ပြည်ထောင်စုလွှတ်တော်ကိုယ်စားလှယ် အစုအဖွဲ့ သုံးဖွဲ့နဲ့ ဖွဲ့စည်းရပါမယ်။ အစုအဖွဲ့ သုံးဖွဲ့ ဆိုရာမှာ အမျိုးသားလွှတ်တော်ကိုယ်စားလှယ်များ အစုအဖွဲ့၊ ပြည်သူ့လွှတ်တော်ကိုယ်စားလှယ်များ အစုအဖွဲ့၊ လွှတ်တော်နှစ်ရပ်အတွက် တပ်မတော်ကာကွယ်ရေး ဦးစီးချုပ်က အမည်စာရင်းတင်သွင်းတဲ့ တပ်မတော်သား လွှတ်တော် ကိုယ်စားလှယ်များ အစုအဖွဲ့ စတာတွေ ပါဝင်ပါတယ်။ ဒီအစုအဖွဲ့တခုစီက ဒုသမ္မတ တစ်ဦးစီကို လွှတ်တော်ကိုယ်စားလှယ်များထဲက ဖြစ်စေ၊ လွှတ်တော်ကိုယ်စားလှယ် မဟုတ်သူများထဲက ဖြစ်စေ ရွေးချယ်တင်မြှောက်ရမယ်။ သတ်မှတ်အရည်အချင်းရှိမရှိကို ပြည်ထောင်စုလွှတ်တော်နှင့် ပြည်ထောင်စု လွှတ်တော်မှာ ပါဝင်တဲ့ လွှတ်တော်နှစ်ရပ်ရဲ့ အကြီးအမှူးများနဲ့ ဒုတိယအကြီးအမှူးများ ပါဝင်တဲ့ အဖွဲ့က စိစစ်ရပါမယ်။ ပြီးတဲ့အခါ သမ္မတရွေးချယ်တင်မြှောက်ရေးအဖွဲ့က နိုင်ငံတော်သမ္မတလောင်းများ ဖြစ်တဲ့ ဒုသမ္မတသုံးဦးအနက် မိမိတို့ ကြိုက်နှစ်သက်တဲ့ ဒုသမ္မတ တဦးကို နိုင်ငံတော်သမ္မတအဖြစ် ဆန္ဒမဲပေး ရွေးချယ်တင်မြှောက်ရပါမယ်။,(၂၀၀၈) ဖွဲ့စည်းပုံအခြေခံဥပဒေ,အခန်း (၃)၊ ပုဒ်မ ၆၀,2015GeneralElection
Civic Education,12,Yes/No,ပြည်သူလူထုမှ သမ္မတအား တိုက်ရိုက်ရွေးချယ်လို့ရပါသလား။,မရပါ။ ဖွဲ့စည်းပုံအခြေခံဥပဒေအရ သတ်မှတ်ထားသော သမ္မတရွေးကောက်တင်မြှောက်ခြင်း လုပ်ထုံး လုပ်နည်းများ အတိုင်းသာ သမ္မတကို ရွေးကောက်တင်မြှောက်ခွင့်ရှိပါတယ်။,(၂၀၀၈) ဖွဲ့စည်းပုံအခြေခံဥပဒေ,အခန်း (၃)၊ ပုဒ်မ ၆၀,2015GeneralElection
Civic Education,13,Yes/No,သမ္မတက ပါတီလုပ်ငန်းများမှာ ပါဝင်ခွင့်ရှိသလား။,နိုင်ငံတော်သမ္မတနဲ့ ဒုသမ္မတများဟာ နိုင်ငံရေးပါတီတခုခုရဲ့ အဖွဲဝင်ဖြစ်ရင်၊ သမ္မတ (သို့မဟုတ်) ဒုသမ္မတများအဖြစ် ရွေးချယ်တင်မြှောက်ခြင်း ခံရတဲ့ နေ့မှစပြီး၊ ရာထူးသက်တမ်းအတွင်း ယင်းပါတီ အဖွဲ့အစည်းများရဲ့ ပါတီလုပ်ငန်းများမှာ ပါဝင်ဆောင်ရွက်ခြင်း မပြုရပါဘူး။,(၂၀၀၈) ဖွဲ့စည်းပုံအခြေခံဥပဒေ,အခန်း (၃)၊ ပုဒ်မ ၆၄,2015GeneralElection
Civic Education,14,Open-ended,လွှတ်တော်တွေကို ဘယ်လို သတ်မှတ်ထားသလဲ။,နိုင်ငံတော်ရဲ့ ဥပဒေပြုရေးအာဏာကို ပြည်ထောင်စုလွှတ်တော်၊ တိုင်းဒေသကြီးလွှတ်တော်နဲ့ ပြည်နယ် လွှတ်တော်များအား ခွဲ၀ပ်နှင်းပါတယ်။ ပြည်ထောင်စု လွှတ်တော်မှာ ပြည်သူ့လွှတ်တော်နဲ့ အမျိုးသား လွှတ်တော် နှစ်ရပ် ပါရှိပါတယ်။ တိုင်းဒေသကြီး လွှတ်တော် (၇) ခုမှာ တိုင်းဒေသကြီး လွှတ်တော်တရပ်စီနဲ့ ပြည်နယ် (၇) ပြည်နယ်မှာ ပြည်နယ်လွှတ်တော်တရပ်စီ ရှိပါတယ်။,(၂၀၀၈) ဖွဲ့စည်းပုံအခြေခံဥပဒေ,ပုဒ်မ ၉၆ နှင့် ပုဒ်မ ၁၈၈,2015GeneralElection
Civic Education,15,Open-ended,ပြည်ထောင်စု လွှတ်တော်ကို ဥပဒေဘယ်လို ပြဌာန်းသလဲ။,ပြည်သူ့လွှတ်တော်မှာ ဖြစ်စေ၊ အမျိုးသားလွှတ်တော်မှာ ဖြစ်စေ စတင်တင်သွင်းတဲ့ ဥပဒေကြမ်းကို လွှတ်တော်နှစ်ရပ်လုံးက အတည်ပြုရင်၊ အဆိုပါဥပဒေကြမ်းကို ပြည်ထောင်စု လွှတ်တော်က အတည်ပြုတယ်လို့ မှတ်ယူရပါမယ်။ သို့သော် ထိုလွှတ်တော်နှစ်ရပ်တွင်သဘောထားကွဲလွဲပါက ပြည်ထောင်စုလွှတ်တော်တွင် ဆွေးနွေးဆုံးဖြတ်ရပါမယ်။ ထို့နောက်မှသာ နိုင်ငံတော်သမ္မထံသို့ အတည်ပြုရန် တင်သွင်းရပါမယ်။ နိုင်ငံတော် သမ္မတမှ တင်သွင်းလာသော မူကြမ်းအား ၁၄ ရက်အတွင်းလက်မှတ်ရေးထိုးရမယ်။ ထိုသို့ သမ္မတမှလက်မှတ်ရေးထိုးထားသောမူကြမ်းအား မှတ်ချက်နှင့်တကွ ဥပဒေကဲ့သို့ထုတ်ပြန်ရန် ပြည်ထောင်စုလွှတ်တော်သို့ပြန်လည်ပေးပို့နိုင်ပါတယ်။ထိုသို့သဘောထားမှတ်ချက်နှင့်အတူမပေးပို့ပါကလည်း သတ်မှတ်သည့်ကာလ ၁၄ ရက်ကျော်လွန်လျှင် သမ္မတ၏လက်မှတ်ရေးထိုးချက်ရပြီးသကဲ့သို့ဥပဒေဖြစ်လာရမည်။ သို့သော် သက်မှတ်သည့်ကာလအတွင်း တွင် သမ္မတမှ ထိုဥပဒေမူကြမ်းအား သဘောထားမှတ်ချက်နှင့်အတူသတ်မှတ်သည့်ကာလအတွင်း ပြည်ထောင်စုလွှတ်တော်သို့ပေးပို့ပြီး၊ ပြည်ထောင်စုလွှတ်တော်မှ သမ္မတ၏သဘောထားမှတ်ချက်အား ဆွေးနွေးသုံးသပ်ပြီးနောက် နိုင်ငံတော်သမ္မတထံတင်သွင်းရမည်။ ထိုသို့ပြန်လည်တင်သွင်းပြီး ၇ ရက်အကြာတွင် သမ္မတမှလက်မှတ်မရေးထိုးသော်လည်း သမ္မတ၏လက်မှတ်ရေးထိုးချက်ရပြီးသကဲ့သို့ဥပဒေဖြစ်လာရမည်။,(၂၀၀၈) ဖွဲ့စည်းပုံအခြေခံဥပဒေ,အခန်း (၄)၊ ပုဒ်မ ၉၅၊ ၁၀၅၊ ၁၀၆,2015GeneralElection
Civic Education,16,Open-ended,သမ္မတနဲ့ ပြည်ထောင်စုအစိုးရ ဘယ်လိုကွာခြားလဲ။,ဖွဲ့စည်းပုံအခြေခံဥပဒေအရ နိုင်ငံတော်သမ္မတက ပြည်ထောင်စုအစိုးရနိုင်ငံတော်အုပ်ချုပ်ရေး၏ အကြီးအကဲ ဖြစ်ပါတယ်။ ပြည်ထောင်စုအစိုးရမှာတော့ နိုင်ငံတော်သမ္မတအပါဝင် ဒုသမ္မတများ၊ ပြည်ထောင်စဝန်ကြီးများနဲ့ ပြည်ထောင်စုရှေ့နေချုပ်တို့ ပါဝင်ပါတယ်။,(၂၀၀၈) ဖွဲ့စည်းပုံအခြေခံဥပဒေ,အခန်း (၅)၊ ပုဒ်မ ၁၉၉ နှင့် ၂၀၀,2015GeneralElection
Civic Education,19,Yes/No,ပြည်ထောင်စုအစိုးရက ဥပဒေပြဌာန်းလို့ရသလား။,ပဏာမအားဖြင့် လွှတ်တော်သည် ဥပဒေပြဌါန်းနိုင်သည်၊ သို့သော်လည်း နိုင်ငံတော်သမ္မတသည် ပြည်ထောင်စုလွှတ်တော်အစည်းအဝေး ကျင်းပနေခြင်းမရှိချိန်တွင် ယာယီ ဥပဒေကဲ့သို့ အာဏာတည်သော အမိန့်ထုတ်ပြန်ပြီး၊ အရေးပေါ် အခြေအနေ ကြေညာနိုင်ပါတယ်။,(၂၀၀၈) ဖွဲ့စည်းပုံအခြေခံဥပဒေ,အခန်း (၅) ပုဒ်မ ၂၁၂ နှင့် အခန်း (၁၁)၊ ပုဒ်မ ၄၁၀,2015GeneralElection
Civic Education,21,Open-ended,ပြည်ထောင်စုဝန်ကြီးမှာ ဘယ်လိုအရည်အချင်းတွေ ရှိဖို့ လိုသလဲ။,အသက် လေးဆယ်ပြည့်ပြီးသူ၊ အသက်ကန့်သတ်ချက်မှအပ ပြည်သူ့လွှတ်တော်ကိုယ်စားလှယ်များ အတွက် သတ်မှတ်ထားသည့် အရည်အချင်းများနှင့် ပြည့်စုံသူ၊ ပြည်သူ့လွှတ်တော် ကိုယ်စားလှယ်များအဖြစ် ရွေးကောက်တင်မြှောက်ခံပိုင်ခွင့် မရှိစေသော ပြဌာန်းချက်များနှင့်လည်း ငြိစွန်းခြင်း မရှိသူ၊ နိုင်ငံတော်နှင့် နိုင်ငံသားများအပေါ် သစ္စာရှိသူ စတာတွေကို ဖွဲ့စည်းပုံ အခြေခံဥပဒေမှာ သတ်မှတ်ထားပါတယ်။,(၂၀၀၈) ဖွဲ့စည်းပုံအခြေခံဥပဒေ,အခန်း (၅)၊ ပုဒ်မ ၂၃၂။ (က),2015GeneralElection
Civic Education,25,Open-ended,ရပ်ကွက်၊ ကျေးရွာအုပ်ချုပ်ရေးမှူးကို ဘယ်လိုခန့်သလဲ။,ရပ်ကွက် သို့မဟုတ် ကျေးရွာ အုပ်စုရဲ့ အုပ်ချုပ်ရေးကို ရပ်ရွာ ကြည်ညိုလေးစားပြီး၊ သိက္ခာသမာဓိရှိတဲ့ ပုဂ္ဂိုလ်တစ်ဦးဦးကို ဥပဒေနဲ့အညီ ခန့်အပ်တာဝန်ပေး ဆောင်ရွက်စေရပါမယ်။ ရပ်ကွက်၊ ကျေးရွာအုပ်ချုပ်ရေးမှူးရွေးချယ်ရာတွင် ရပ်မိ၊ ရပ်ဖ ၅ ဦးအား ရွေးချယ်ကာ ကြီးကြပ်ရေးအဖွဲ့အဖြစ်တာဝန်အပ်ပေးပြီး ရပ်ကွက်၊ ကျေးရွာအတွင်း ဆယ်အိမ်စုအဖွဲ့များအားဖွဲ့စည်းရမည်၊ ထိုဆယ်အိမ်စုတွင်နေထိုင်သူ အိမ်ထောင်ဦးစီးအသက် ၁၈နှစ်ပြည့်ပြီးသူ ဆယ်အိမ်စုကိုယ်စား လှယ်အားခန့်အပ်ကာ၊ ထိုဆယ်အိမ်စုကိုယ်စားလှယ်များမှ ရပ်ကွက်၊ ကျေးရွက်အုပ်ချုပ်ရေးမှူးအတွက် အမည်စာရင်းမြို့နယ်အုပ်ချုပ်ရေးမှူးထံတင်သွင်းပြီးနောက်၊ ရွေးချယ်အတည်ပြုတင်မြှောက်ပြီးနောက် မြို့နယ်အုပ်ချုပ်ရေးမှူးမှ သတ်မှတ်သည့်အရည်ချင်းကိုက်ညီမှုရှိ၊ မရှိစိစစ်ပြီးနောက် ခရိုင်အုပ်ချုပ်ရေးမှူးမှအတည်ပြုခန့်အပ်ရမည်။,(၂၀၀၈) ဖွဲ့စည်းပုံအခြေခံဥပဒေ၊ ၂၀၁၂ ရပ်ကွက် သို့မဟုတ် ကျေးရွာအုပ်စု အုပ်ချုပ်ရေးဥပဒေ,အခန်း (၅)၊ ပုဒ်မ ၂၈၉,2015GeneralElection
Civic Education,30,Open-ended,နိုင်ငံသား ဆိုတာ ဘာလဲ။,ပြည်ထောင်စုသမ္မတမြန်မာနိုင်ငံတော်၏ တိုင်းရင်းသားမိဘနှစ်ပါးမှ မွေးဖွားသူ။ (၂၀၀၈) ဖွဲ့စည်းပုံအခြေခံဥပဒေ အတည်ပြုပြဌာန်းသည့်နေ့မှာ ဥပဒေအရ နိုင်ငံသားပြုပြီးသူများသည် ပြည်ထောင်စုသမ္မတမြန်မာနိုင်ငံတော်ရဲ့ နိုင်ငံသားများ ဖြစ်ပါတယ်။,(၂၀၀၈) ဖွဲ့စည်းပုံအခြေခံဥပဒေ,အခန်း (၈)၊ ပုဒ်မ ၃၄၅,2015GeneralElection
Civic Education,31,Open-ended,မြန်မာနိုင်ငံမှာနေထိုင်ရင် မြန်မာနိုင်ငံသားဖြစ်နိုင်ပါသလား။,မဖြစ်နိုင်ပါ။ မြန်မာနိုင်ငံမှာနေထိုင်ရင်း မြန်မာနိုင်ငံသားမဖြစ်နိုင်ပါ။ ၁၉၈၂ နိုင်ငံသား အက်ဥပဒေအရ နိုင်ငံသားဖြစ်မှုအရည်အချင်းအား ပြဌါန်းထားပါသည်။ နိုင်ငံသားဖြစ်ခြင်း၊ နိုင်ငံသားပြုခြင်းနဲ့ နိုင်ငံသားအဖြစ်မှရပ်စဲခြင်းတို့သည် ဥပဒေဖြင့် ပြဌာန်းသည့်အတိုင်း ဖြစ်ရပါမည်။,(၂၀၀၈) ဖွဲ့စည်းပုံအခြေခံဥပဒေ နှင့် ၁၉၈၂ နိုင်ငံသားအက်ဥပဒေ,အခန်း (၈)၊ ပုဒ်မ ၃၄၆,2015GeneralElection
Civic Education,32,Yes/No,မြန်မာနိုင်ငံတွင် မည်သူမဆို တရားဥပဒေရှေ့မှောက်တွင် အခွင့်အရေးတန်းတူရရှိနိုင်ပါသလား။,နိုင်ငံတော်သည် မည်သူ့ကိုမဆို နိုင်ငံသားများပါသာမက ဥပဒေအရာမှာ တန်းတူညီမျှ အခွင့်အရေး ရရှိစေရပါမည်။ ထို့ပြင် ဥပဒေ၏ အကာအကွယ်ကိုလည်း တန်းတူညီမျှစွာ ရယူပိုင်ခွင့် ပေးရပါမည်။ ဖွဲ့စည်းပုံအခြေခံဥပဒေ၌ သတ်မှတ်ပြဌာန်းထားသော တန်းတူညီမျှအခွင့်အရေး၊ လွတ်လပ်မှုအခွင့်အရေး၊ တရားမျှတမှု အခွင့်အရေးများကို ခံစားခွင့်ရှိပါသည်။,(၂၀၀၈) ဖွဲ့စည်းပုံအခြေခံဥပဒေ,အခန်း (၈)၊ ပုဒ်မ ၃၄၇,2015GeneralElection
Civic Education,34,Yes/No,နိုင်ငံသားတိုင်းမှာ တူညီသော အခွင့်အလမ်း ရှိသလား။,ပြည်သူဝန်ထမ်း တာဝန်ထမ်းဆောင်မှု၊ အလုပ်လုပ်ကိုင်မှု၊ ကုန်သွယ်ရောင်းဝယ်ဖောက်ကားမှု၊ စီးပွားရေးလုပ်ငန်း လုပ်ကိုင်မှု၊ အတတ်ပညာနဲ့ အသက်မွေးဝမ်းကျောင်းမှု၊ ဝိဇ္ဇာပညာ၊ သိပ္ပံပညာနဲ့ နည်းပညာရပ်မှာ ရှာဖွေ ဖော်ထုတ်မှု စတဲ့ လုပ်ငန်းများကို လုပ်ကိုင်ဆောင်ရွက်ရာမှာ တူညီသော အခွင့်အလမ်းများ ရရှိရပါမယ်။,(၂၀၀၈) ဖွဲ့စည်းပုံအခြေခံဥပဒေ,အခန်း (၈)၊ ပုဒ်မ ၃၄၉,2015GeneralElection
Civic Education,35,Yes/No,ဖွဲ့စည်းပုံအခြေခံဥပဒေမှာ အမျိုးသမီးများရဲ့ အခွင့်အရေး ပါသလား။,ရှိပါသည်။ မည်သူမဆိုနိုင်ငံတွင်ရရှိသည့်အခွင့်အရေးများအားလုံးအား အမျိုးသမီးများနေဖြင့်ထိုအခွင့်အရေးများအားရရှိခံစားနိုင်ပါသည်။ ထို့နောက်အမျိုးသမီးများဟာ တူညီသော အလုပ်အတွက် အမျိုးသားများ ခံစားခွင့်ရှိတဲ့ အခွင့်အရေးနဲ့ လစာတို့ကို ခံစားခွင့်ရှိပါတယ်။ မိခင်များနဲ့ ကိုယ်ဝန်ဆောင်အမျိုးသမီးများဟာလဲ ဥပဒေအရ သတ်မှတ်ထားတဲ့ သက်ဆိုင်ရာ အခွင့်အရေးများကို အညီအမျှ ခံစားခွင့် ရှိပါတယ်။ အမျိုးသမီးဖြစ်ခြင်းကို အကြောင်းပြုပြီး၊ ရာထူးရွေးချယ်ခန့်ထားခြင်းကို ခွဲခြားမှု မပြုရပါဘူး။,(၂၀၀၈) ဖွဲ့စည်းပုံအခြေခံဥပဒေ,အခန်း (၈)၊ ပုဒ်မ ၃၅၀နှင့် ၃၅၁,2015GeneralElection
Civic Education,36,Open-ended,နိုင်ငံသား အခွင့်အရေးဆိုတာ ဘာတွေလဲ။,လူတိုင်းတွင် မိမိရဲ့ယုံကြည်ချက်၊ ထင်မြင်ယူဆချက်များကို လွတ်လပ်စွာ ထုတ်ဖော်ပြောဆိုခွင့်၊ ရေးသား ဖြန့်ဝေခွင့်၊ လက်နက်မပါပဲ ငြိမ်းချမ်းစွာစုဝေးခွင့်၊ စီတန်းလှည့်လည်ခွင့်အသင်းအဖွဲ့ (သို့မဟုတ်) အစည်းအရုံးများ ဖွဲ့စည်းဆောင်ရွက်ခွင့် တိုင်းရင်းသားလူမျိုး စာပေ၊ ယဉ်ကျေးမှု၊ ကိုးကွယ်သည့် ဘာသာသာသနာနှင့် ဓလေ့ထုံးတမ်းများကို လွတ်လပ်စွာ ဆောင်ရွက်ပိုင်ခွင့်  ဥပဒေရှေ့မှောက်တွင်တန်းတူညီမျှစွာအခွင့်အရေးရပိုင်ခွင့်၊ တူညီသောအခွင့်အလမ်း၊ နိုင်ငံသားဖြစ်တည်မှုဖြစ်သော လူမျိုးဇာတိအစရှိသည်တို့အပေါ်တွင် ခွဲခြားမှုမရှိသည့်အခွင့်အရေး၊ တူညီသောလစာခံစားခွင့်၊ ဥပဒေအရသတ်မှတ်ထားသော သက်ဆိုင်ရာအခွင့်အရေးများကို အညီအမျှခံစားခွင့်၊ ဥပဒေနှင့်အညီ မည်သည့်အရပ်ဒေသတွင်မဆို အခြေစိုက်နေထိုင်ခွင့်၊ စာပေ ယဉ်ကျေးမှု အနုပညာနှင့် ဓလေ့ထုံးတမ်းတို့ကိုလွတ်လပ်စွာ ပြုစုပျိုးထောင်ဆောင်ရွက်ပိုင်ခွင့်၊ ပညာသင်ကြားပိုင်ခွင့်၊ လွတ်လပ်စွာ သုတေသနပြုဖော်ထုတ်ဆောင်ရွက်ခွင့်၊ ကျန်းမာရေးစောင့်ရှောက်မှုခံယူခွင့်၊ ၊ ဥပဒေနှင့်အညီ လွတ်လပ်စွာ လုပ်ကိုင်ဆောင်ရွက်ခွင့်၊ စွပ်စွဲခံရသူသည် ဥပဒေနှင့်အညီခုခံချေပခွင့်၊ ပြည်တွင်း ပြည်တွင် နိုင်ငံတော်၏ ကာကွယ်စောင့်ရှောက်မှုကိုတောင်းယူခွင့် အစရှိသည့်အခွင့်အရေးများမှာ အခြားဥပဒေများအား ဆန့်ကျင်ခြင်းမရှိလျှင် အခွင့်အရေးရရှိပါသည်။,(၂၀၀၈) ဖွဲ့စည်းပုံအခြေခံဥပဒေ,အခန်း (၈)၊ ပုဒ်မ ၃၅၄,2015GeneralElection
Civic Education,39,Yes/No,နိုင်ငံသားတွေကို ကာကွယ်ဖို့ နိုင်ငံတော်မှာ တာဝန်ရှိသလား။,တာဝန်ရှိပါသည်။ နိုင်ငံတော်သည် နိုင်ငံသားများ၏ဥပဒေအရပေးအပ်ထားသောအခွင့်အရေးများအားလုံးအား ရရှိနိုင်ရန်အတွက် တာဝန်ရှိပါသည်။,(၂၀၀၈) ဖွဲ့စည်းပုံအခြေခံဥပဒေ,အခန်း (၁) (၈)၊,2015GeneralElection
Civic Education,45,Open-ended,နိုင်ငံသားတစ်ယောက်ရဲ့ တာဝန်ဆိုတာ ဘာလဲ။,ဖွဲ့စည်းပုံအခြေခံဥပဒေပါ ပြဌာန်းချက်များကို လိုက်နာစောင့်ထိန်းခြင်း၊ ပြည်ထောင်စုသမ္မတမြန်မာနိုင်ငံတော်၏ လွတ်လပ်ရေး၊ အချုပ်အခြာအာဏာနဲ့ နယ်မြေတည်တံ့ခိုင်မြဲရေးကို ကာကွယ်စောင့်ရှောက်ခြင်း၊ ပြည်ထောင်စုနိုင်ငံတော် တိုးတက်ကောင်းမွန်စေရေးအတွက် ကူညီဆောင်ရွက်ခြင်း စသည့် တာဝန်များ ရှိပါသည်။,(၂၀၀၈) ဖွဲ့စည်းပုံအခြေခံဥပဒေ,အခန်း (၈)၊ ပုဒ်မ ၃၈၃ မှ ၃၉၀ထိ,2015GeneralElection
Civic Education,46,Open-ended,ဖွဲ့စည်းပုံအခြေခံဥပဒေကို ဘယ်လို ပြင်ဆင်ရမလဲ။,ဖွဲ့စည်းပုံအခြေခံဥပဒေကို ပြင်ဆင်ရန် တင်သွင်းသော အဆိုကို ဥပဒေ မူကြမ်းအဖြစ်နဲ့ ပြည်ထောင်စု လွှတ်တော်ကို တင်သွင်းရပါမယ်။ ပြည်ထောင်စုလွှတ်တော်မှာရှိတဲ့ လွှတ်တော်ကိုယ်စားလှယ်စုစုပေါင်းရဲ့ ၂၀ရာခိုင်နှုန်းက တင်ပြမှ အဆိုပါ ပြင်ဆင်ချက် ဥပဒေမူကြမ်းကို ပြည်ထောင်စုလွှတ်တော်က လက်ခံဆွေးနွေးရပါမယ်။ ပုဒ်မ (၄၃၆) (က) တွင် ဖော်ပြထားသော ပြဌာန်းချက်များကို ပြင်ဆင်လိုရင် ပြည်ထောင်စုလွှတ်တော် ကိုယ်စားလှယ် အားလုံးရဲ့ ၇၅ ရာခိုင်နှုန်းကျော်က ပြင်ဆင်ရန် သဘောတူ လက်ခံပြီးနောက် ပြည်လုံးကျွတ်ဆန္ဒခံယူပွဲ ကျင်းပရမယ်။ ပြည်လုံးကျွတ်ဆန္ဒခံယူပွဲမှာ ဆန္ဒမဲပေးပိုင်ခွင့်ရှိသူ အားလုံးရဲ့ ထက၀်ကျော်ဆန္ဒမဲဖြင့်သာ ပြင်ဆင်ရပါမယ်။ ပုဒ်မခွဲ (က)မှာ ဖော်ပြထားတဲ့ ပြဌာန်းချက် များမှအပ အခြားပြဌာန်းချက်များကိုတော့ ပြည်ထောင်စုလွှတ်တော်ကိုယ်စားလှယ်အားလုံးရဲ့ ၇၅ ရာခိုင်နှုန်း ကျော် ထောက်ခံဆန္ဒမဲဖြင့် ပြင်ဆင်နိုင်ပါတယ်။,(၂၀၀၈) ဖွဲ့စည်းပုံအခြေခံဥပဒေ,အခန်း (၁၂)၊ ပုဒ်မ ၄၃၃ မှ ၄၃၆ ထိ,2015GeneralElection
ElectionGeneral,47,Open-ended,ပါတီများ လွတ်လပ်စွာ စည်းရုံးခွင့်ရှိသလား။,နိုင်ငံရေးပါတီတရပ်ဟာ နိုင်ငံတော်အတွင်း ဥပဒေနဲ့အညီ လွတ်လပ်စွာ စည်းရုံးခွင့်ရှိပါတယ်။ သို့သော် ထိုစည်းရုံးခြင်းသည် ပြည်ထောင်စုရွေးကောက်ပွဲကော်မရှင်၏ညွှန်ကြားချက် သို့မဟုတ် အမိန့်ထုတ်ပြန်ချက်အား ဆန့်ကျင်ခြင်းမရှိရပေ။ ရွေးကောက်ပွဲများမှာ ပါဝင်ယှဉ်ပြိုင်ခွင့် ရှိပါတယ်။ ,(၂၀၀၈) ဖွဲ့စည်းပုံအခြေခံဥပဒေ,အခန်း (၁၀၊ ပုဒ်မ ၄၀၆,2015GeneralElection
ElectionGeneral,48,Yes/No,နိုင်ငံရေးပါတီအဖြစ် မှတ်ပုံတင်ခြင်းကို ပယ်ဖျက်နိုင်လား။,နိုင်ငံရေးပါတီတရပ်ရပ်ဟာ တည်ဆဲဥပဒေအရ မတရားအသင်းအဖြစ် ကြေညာခံရခြင်း၊ ဘာသာရေးကို နိုင်ငံရေးအတွက် အလွဲသုံးစားပြုခြင်း၊ နိုင်ငံခြားတိုင်းပြည်တခုခုမှ အစိုးရ သို့မဟုတ် ဘာသာရေးအဖွဲ့အစည်း သို့မဟုတ် အခြားအဖွဲ့အစည်းတခုခု သို့မဟုတ် ပုဂိ္ဂုလ်တဦးဦးထံမှ ငွေကြေး၊ ပစ္စည်း၊ အခြားအထောက်အပံ့ကို တိုက်ရိုက်ဖြစ်စေ၊ သွယ၀ုက်၍ ဖြစ်စေ ရယူသုံးစွဲခြင်း စတာတွေနဲ့ ငြိစွန်းကြောင်း မှတ်ပုံတင်ခွင့်ပေးနိုင်သော အဖွဲ့အစည်းက တွေ့ရှိရင် နိုင်ငံရေး ပါတီအဖြစ် မှတ်ပုံတင်ထားခြင်းကို ပယ်ဖျက်ရပါမယ်။,(၂၀၀၈) ဖွဲ့စည်းပုံအခြေခံဥပဒေ,အခန်း (၁၀၊ ပုဒ်မ ၄၀၇ နှင့် ၄၀၈,2015GeneralElection
Civic Education,49,Open-ended,တိုင်းရင်းသားရေးရာဝန်ကြီးတွေကို ဘယ်လို ရွေးချယ်တင်မြှောက်လဲ။,မြန်မာနိုင်ငံ လူဦးရေစုစုပေါင်းရဲ့၀၁ ရာခိုင်နှုန်းနဲ့ အထက်ရှိကြောင်း သက်ဆိုင်ရာက သတ်မှတ်သော တိုင်းရင်းသားလူမျိုးအသီးသီးက လူမျိုးတမျိုးမှာ တဦးကျစီ သက်ဆိုင်ရာ ပြည်နယ်များနဲ့ တိုင်းဒေသကြီးမှာ ရွေးကောက်တင်မြှောက်ခံရပါတယ်။ တိုင်းဒေသကြီး သို့မဟုတ် ပြည်နယ်ဝန်ကြီးချုပ်မှ ခန့်အပ်နိုင်သည်။  ။ တိုင်းရင်းသားရေးရဝန်ကြီး (၂၉) ဦးကို ရွေးချယ်တင်မြှောက်နိုင်ပါတယ်။,(၂၀၀၈) ဖွဲ့စည်းပုံအခြေခံဥပဒေ,အခန်း (၄)၊ ၁၆၁ (ခ) (ဂ)၊ ပုဒ်မ ၂၆၂ (င),2015GeneralElection
HowtoVote,50,Open-ended,ရွေးကောက်ပွဲကာလ မဲပေးသောအခါ လျှို့ဝှက်ချက်တွေ ရှိပါသလား။,ရွေးကောက်ပွဲကျင်းပရာမှာ လျှို့ဝှက်ဆန္ဒမဲပေးခြင်း စနစ်ကို ကျင့်သုံးရပါမယ်။,(၂၀၀၈) ဖွဲ့စည်းပုံအခြေခံဥပဒေ,အခန်း (၉)၊ ပုဒ်မ ၃၉၁ (ဃ),2015GeneralElection
HowtoVote,51,Open-ended,ဘယ်သူတွေက ဆန္ဒမဲ ပေးပိုင်ခွင့် ရှိသလဲ။,ရွေးကောက်ပွဲစတင်ကျင်းပတဲ့ နေ့မှာ အသက် (၁၈) နှစ်ပြည့်ပြီး၊ ဥပဒေအရ အရည်အချင်း ပျက်ယွင်းသူ မဟုတ်သည့်အပြင် ဆန္ဒမဲပေးပိုင်ခွင့်ရှိသော နိုင်ငံသားနဲ့ ဥပဒေအရ ဆန္ဒမဲပေးပိုင်ခွင့်ရှိသူတိုင်း ဆန္ဒမဲပေးလို့ ရပါတယ်။,(၂၀၀၈) ဖွဲ့စည်းပုံအခြေခံဥပဒေ,အခန်း (၉)၊ ပုဒ်မ ၃၉၁,2015GeneralElection
HowtoVote,52,Open-ended,ဘယ်သူတွေက ဆန္ဒမဲ ပေးပိုင်ခွင့် မရှိတာလဲ။,သာသနာ့ဝန်ထမ်းများ၊ ထောင်ဒဏ် ကျခံနေရသူများ၊ စိတ်ပေါ့သွပ်တယ်လို့ သက်ဆိုင်ရာ ဥပဒေပြဌာန်းချက်များအတိုင်း သတ်မှတ်ခြင်း ခံရသူများ၊ လူမွဲအဖြစ် ဆုံးဖြတ်ကြေညာခံထားရခြင်းမှ လွတ်မြောက်ခွင့် မရသေးသူများ၊ ရွေးကောက်တင်မြှောက်ခြင်းဆိုင်ရာ ဥပဒေအရ တားမြစ်ခြင်း ခံရသူများတွေဟာ ဆန္ဒမဲပေးပိုင်ခွင့် မရှိပါဘူး။ ,(၂၀၀၈) ဖွဲ့စည်းပုံအခြေခံဥပဒေ,အခန်း (၉)၊ ပုဒ်မ ၃၉၂,2015GeneralElection
ElectionGeneral,53,Yes/No,လွှတ်တော်ကိုယ်စားလှယ်ကို ရွေးပြီးရင်၊ တာဝန်ကနေ ပြန်လည်ရုတ်သိမ်းလို့ ရသလား။,နိုင်ငံတော်ရဲ့ ကျေးဇူးသစ္စာကို ဖောက်ဖျက်ခြင်း၊ အကျင့်သိက္ခာ ပျက်ပြားခြင်း၊ ဥပဒေအရ ပေးအပ်တဲ့တာဝန်များကို ကျေပြွန်စွာ မဆောင်ရွက်ခြင်း ဆိုတဲ့ အကြောင်းတရပ်ရပ်ကြောင့် တာဝန်မှ ပြန်လည်ရုတ်သိမ်းခွင့် ရှိပါတယ်။ ထို့အပြင် မူလမဲဆန္ဒရှင်များအနက် အနည်းဆုံး တစ်ရာခိုင်နှုန်းတို့က လွှတ်တော်ကိုယ်စားလှယ်အားတာဝန်မှ ရုပ်သိမ်းနိုင်သည်။,(၂၀၀၈) ဖွဲ့စည်းပုံအခြေခံဥပဒေ,အခန်း (၉)၊ ပုဒ်မ ၃၉၆,2015GeneralElection
ElectionGeneral,54,Yes/No,ရွေးကောက်တင်မြှောက်လိုက်သော ပါတီကို ပြန်လည်ရုတ်သိမ်းပိုင်ခွင့်ရှိသလား။,ရွေးကောက်တင်မြှောက်လိုက်သော ပါတီကို ပြန်လည်ရုတ်သိမ်းပိုင်ခွင့် မရှိပါ။ လွှတ်တော်ကိုယ်စားလှယ်တဦးကိုတော့ တာဝန်မှ ပြန်လည်ရုတ်သိမ်းလိုပါက သက်ဆိုင်ရာ မဲဆန္ဒနယ်ရဲ့ မူလမဲဆန္ဒရှင်များအနက် အနည်းဆုံး တစ်ရာခိုင်နှုန်းတို့က တာဝန်မှ ပြန်လည်ရုတ်သိမ်းလိုသော လွှတ်တော်ကိုယ်စားလှယ်နဲ့ ပတ်သက်တဲ့ တိုင်တန်းချက်ကို ပြည်ထောင်စု ရွေးကောက်ပွဲ ကော်မရှင်ထံ တင်ပြရပါမယ်။,(၂၀၀၈) ဖွဲ့စည်းပုံအခြေခံဥပဒေ,အခန်း (၉)၊ ပုဒ်မ ၃၉၆,2015GeneralElection
ElectionGeneral,55,Open-ended,ရွေးကောက်ပွဲကော်မရှင်ကို ဘယ်လို ဖွဲ့စည်းတာလဲ။,နိုင်ငံတော်သမ္မတက ပြည်ထောင်စုရွေးကောက်ပွဲကော်မရှင်တရပ်ကို ဖွဲ့စည်းရပါမယ်။ ပြည်ထောင်စု ရွေးကောက်ပွဲ ကော်မရှင် ဥက္ကဌ အပါဝင် အဖွဲ့ဝင်အနည်းဆုံး ငါးဦးတွင် ဦးတင်အေးမှ ဥက္ကဌအဖြစ်ထမ်းဆောင်ကျန်အ ဖွဲ့ဝင်များအားလည်းခန့်အပ်တာဝန်ပေးနိုင်ပါတယ်။,(၂၀၀၈) ဖွဲ့စည်းပုံအခြေခံဥပဒေ,အခန်း (၉)၊ ပုဒ်မ ၃၉၈,2015GeneralElection
ElectionGeneral,56,Open-ended,ရွေးကောက်ပွဲကို ဘယ်သူတွေ ကြီးကြပ်မှာလဲ။,ပြည်ထောင်စုရွေးကောက်ပွဲကော်မရှင်က လွှတ်တော်ရွေးကောက်ပွဲများကို ကြီးကြပ်ခြင်း၊ ကော်မရှင်ခွဲအဆင့်ဆင့် ဖွဲ့စည်းခြင်းနဲ့ ကြီးကြပ်စေခြင်း တို့ကို ပြုလုပ်ရပါတယ်။,(၂၀၀၈) ဖွဲ့စည်းပုံအခြေခံဥပဒေ,အခန်း (၉)၊ ပုဒ်မ ၃၉၉ (ခ),2015GeneralElection
ElectionGeneral,57,Open-ended,ပါတီတွေ ဘယ်လို တည်ထောင်ရသလဲ။,နိုင်ငံရေးပါတီအဖြစ် ဥပဒေနှင့်အညီ ဖွဲ့စည်းမှတ်ပုံတင်ထားရပါမယ်။ ပါတီတည်ထောင်လိုသူ အနည်းဆုံး ၁၅ ဦးက တည်ထောင်လိုသော ပါတီရဲ့ အမည်ကို ဖော်ပြ၍ ပါတီဝင်များကို ဥပဒေနဲ့ အညီ စည်းရုံးခွင့်ပြုရန် အတွက် ပါတီခေါင်းဆောင်နှင့် ဒု ခေါင်းဆောင်တို့မှလက်မှတ်ရေးထိုးပြီး ဝန်ခံချက်နှင့်အတူ ကော်မရှင်မှသတ်မှတ်ထားသော မှတ်ပုံတင်ကြေးအား ကိုယ်တိုင်ကော်မရှင်သို့ လျှောက်ထားရပါမယ်။,(၂၀၀၈) ဖွဲ့စည်းပုံအခြေခံဥပဒေ နှင့် နိုင်ငံရေးပါတီများ မှတ်ပုံတင်ခြင်း ဥပဒေ,ဖွဲ့စည်းပုံအခြေခံဥပဒေ ၄၀၅- ဂ နှင့် နိုင်ငံရေးပါတီများ မှတ်ပုံတင်ခြင်း ဥပဒေ၊ အခန်း ၃-က,2015GeneralElection
ElectionGeneral,58,Open-ended,တိုင်းဒေသကြီးနဲ့ ပြည်နယ်လွှတ်တော်များရဲ့ မဲဆန္ဒနယ်မြေကို ဘယ်လို သတ်မှတ်တာလဲ။,မြို့နယ်တနယ်မှာ မဲဆန္ဒနယ် နှစ်နယ်စီ သတ်မှတ်ထားပေးပါမယ်။,တိုင်း၊ ပြည်နယ် ရွေးကောက်ပွဲဥပဒေ,အခန်း ၃၊ အပိုဒ် (၄) (က),2015GeneralElection
ElectionGeneral,59,Open-ended,မဲရုံဝန်ထမ်းများကို သင်တန်းပေးတဲ့အခါ ပြည်သူက သိခွင့်ရှိပါသလား။ ,မဲရုံမှူး၊ ဒုမဲရုံမှူးနဲ့ မဲရံဝန်ထမ်းများအတွက် လုပ်ငန်းလမ်းညွှန်ကို ပြည်ထောင်စုရွေးကောက်ပွဲ ကော်မရှင်က ထုတ်၀ပီး၊ နိုင်ငံရေးပါတီများနဲ့ အရပ်ဘက်အဖွဲ့အစည်များ၊ ပြည်သူအများကြားမှာ ထုတ်ပြန်ထားပြီး ဖြစ်ပါတယ်။,မဲရုံမှူး၊ ဒုတိယမဲရုံမှူးနဲ့ မဲရုံအဖွဲ့ဝင် လုပ်ငန်းလမ်းညွှန်,,2015GeneralElection
ElectionGeneral,60,Open-ended,ကော်မရှင်ဆိုတာ ဘာလဲ။,ကော်မရှင်ဆိုတာ ပြည်ထောင်စု ရွေးကောက်ပွဲ ကော်မရှင်ကို ဆိုလိုပါတယ်။,ပြည်သူ့လွှတ်တော် ရွေးကောက်ပွဲဥပဒေ,၂ (စ),2015GeneralElection
ElectionGeneral,61,Open-ended,ပြည်သူ့လွှတ်တော် မဲဆန္ဒနယ်မြေကို ဘယ်လို သတ်မှတ်တာလဲ။,ပြည်သူ့လွှတ်တော် ရွေးကောက်ပွဲဥပဒေအရ ပြည်ထောင်စုဝန်းလုံးတွင် လွှတ်တော်မဲဆန္ဒနယ် ၃၃၀ထက် ပိုမို သတ်မှတ်ခြင်း မပြုရပါ။ ထိုမဲဆန္ဒနယ် ၃၃၀က်ကျော်လွန်ခြင်းမရှိပါကတမြို့နယ်မှာ အနည်းဆုံး မဲဆန္ဒနယ် တနယ် သတ်မှတ် ပေးရပါမယ်။,ပြည်သူ့လွှတ်တော်ရွေးကောက်ပွဲဥပဒေ,အခန်း ၃၊ အပိုဒ် (၄),2015GeneralElection
ElectionGeneral,62,Open-ended,အမျိုးသားလွှတ်တော် မဲဆန္ဒနယ်မြေကို ဘယ်လို သတ်မှတ်တာလဲ။,တိုင်းဒေသကြီးနဲ့ ပြည်နယ်တခုစီအတွက် အမျိုးသားလွှတ်တော်မဲဆန္ဒနယ် ၁၂ နယ်သာ သတ်မှတ်ရပါမယ်။,အမျိုးသားလွှတ်တေ် ရွေးကောက်ပွဲဥပဒေ,အခန်း ၃ အပိုဒ် (၄) (က),2015GeneralElection
ElectionGeneral,63,Open-ended,ရွေးကောက်ပွဲကို ဘယ်နှစ်ရက်ပြုလုပ်မလဲ။,ရွေးကောက်ပွဲများကို ဖြစ်နိုင်သရွေ့ တပြိုင်နက် ကျင်းပရပါမယ်။ ဖြစ်နိုင်သရွေ့ အများပြည်သူတို့ရဲ့ အလုပ်ပိတ်ရက်မှာသာ ကျင်းပရပါမယ်။ ရွေးကောက်ပွဲနေ့ကို ကြိုတင်သတ်မှတ်ကြေငြာရပါမယ်။,ရွေးကောက်ပွဲ ဥပဒေ,ပုဒ်မ ၃၄,2015GeneralElection
Civic Education,64,Open-ended,ပြည်သူ့လွှတ်တော်ကို ကိုယ်စားလှယ် ဘယ်နှစ်ဦးနဲ့ ဖွဲ့စည်းထားသလဲ။,ပြည်သူ့လွှတ်တော်ကို လွှတ်တော်ကိုယ်စားလှယ်ဦးရေ အများဆုံး ၄၄၀ဦးနဲ့ ဖွဲ့စည်းရပါမယ်။ မြို့နယ် ၃၃၀မှ လွှတ်တော်ကိုယ်စားလှယ်များနှင့် တပ်မတော်သား လွှတ်တော်ကိုယ်စားလှယ် ၁၁၀ဦး ဖြစ်ပါတယ်။,ရွေးကောက်ပွဲဥပဒေ,အခန်း ၂၊ အပိုဒ် ၃(က),2015GeneralElection
Civic Education,65,Open-ended,အမျိုးသားလွှတ်တော်မှာ ကိုယ်စားလှယ် ဘယ်နှစ်ဦးနဲ့ ဖွဲ့စည်းထားသလဲ။,အမျိုးသားလွှတ်တော်ကိုယ်စားလှယ်ဦးရေ အများဆုံး ၂၂၄ ဦး နဲ့ ဖွဲ့စည်းရပါမယ်။ တိုင်းဒေသကြီးနဲ့ ပြည်နယ်တခုစီအတွက် ၁၂ ဦးနှင့် ၁၆၈ ဦး၊ တပ်မတော်သား ကိုယ်စားလှယ် ၅၆ ဦး ဖြစ်ပါတယ်။,ရွေးကောက်ပွဲဥပဒေ,အခန်း ၂၊ အပိုဒ် ၃ (က),2015GeneralElection
VoterList,66,Open-ended,မဲစာရင်း ဆိုတာ ဘာလဲ။,ရွေးကောက်ပွဲအလို့ငှာ သတ်မှတ်ထားတဲ့ မဲဆန္ဒနယ်များအတွက် ပြုစုထားတဲ့ ဆန္ဒမဲပေးပိုင်ခွင့် ရှိသူများရဲ့ စာရင်းကို ဆိုလိုပါတယ်။ ,ရွေးကောက်ပွဲဥပဒေ,အခန်း (၁)၊ အပိုဒ် ၂ (ည),2015GeneralElection
ElectionGeneral,67,Open-ended,ပြည်သူရဲ့ ဆန္ဒမဲကို မှန်ကန်အောင် ရေတွက်ပေးမှာလား။,ဆန္ဒမဲများကို မှန်ကန်အောင် ရေတွက်ပေးဖို့ မဲရုံမှူးနဲ့ဝန်ထမ်းများမှာ တာဝန်ရှိပါတယ်။ မဲရုံ၊ မဲရေတွက်မှုနဲ့ သက်ဆိုင်သော ချိုးဖောက်မှုများကို အရေးယူနို်င်ရန် တိုင်ကြားနိုင်ပါတယ်။ ,ရွေးကောက်ပွဲဥပဒေ,စာပိုဒ် ၁၃၊ လုပ်ငန်းလမ်းညွှန်များ,2015GeneralElection
ElectoralDisputes,68,Open-ended,မဲရုံထဲမှာ ပါတီတွေက စည်းရုံးသိမ်းသွင်းရင် ဘယ်လို တိုင်ကြားရမလဲ။,မဲရုံထဲမှာ ပါတီတွေက စည်းရုံးသိမ်းသွင်းရင် မဲရုံမှူးကို တိုင်ကြားနိုင်ပါတယ်။ မဲရုံမှူးက ချက်ချင်း အရေးယူ ဆောင်ရွက်ရပါမယ်။ (သို့မဟုတ်) သက်ဆိုင်ရာ ရွေးကောက်ပွဲ ကော်မရှင်အဖွဲ့ခွဲထံမှ လမ်းညွန်မှု ရယူရပါမယ်။ (သို့မဟုတ်) လိုအပ်ပါက ရဲအကူအညီ တောင်းခံရပါမယ်။ ,ရွေးကောက်ပွဲဥပဒေ,စာပိုဒ် ၁၃၊ ၁၄၊ လုပ်ငန်းလမ်းညွှန်များ,2015GeneralElection
ElectoralDisputes,69,Yes/No,မဲရေတွက်တာကို ပြည်သူက စောင့်ကြည့်ခွင့်ရှိသလား။,သက်ဆိုင်ရာ မဲရုံအလိုက် ဆန္ဒမဲပေးခြင်း ပြီးပြတ်လျှင် မဲရုံမှူးကိုယ်တိုင်ဖြစ်စေ၊ ယင်းက တာဝန်ပေးအပ်သော မဲရုံအဖွဲ့ဝင်ကဖြစ်စေ၊ မဲရုံတွင်ပင် မဲရုံအဖွဲ့ဝင်များ၊ မဲရုံကိုယ်စားလှယ်များနှင့် အများပြည်သူတို့ရဲ့ ရှေ့မှောက်မှာ ဆန္ဒမဲလက်မှတ်များကို ရေတွက်ရမှာ ဖြစ်ပါတယ်။ ,ရွေးကောက်ပွဲဥပဒေ,အပိုဒ် ၄၈ (ခ),2015GeneralElection
ElectoralDisputes,70,Yes/No,မဲနိုင်တဲ့ ကိုယ်စားလှယ်ကို ကန့်ကွက်ခွင့် ရှိသလား။,ရှိပါသည်။ လွှတ်တော်ကိုယ်စားလှယ်လောင်းအဖြစ် ရွေးကောက်တင်မြှောက်ခံရသူကို ကန့်ကွက်သော ကန့်ကွက်လွှာကို ယှဉ်ပြိုင်အရွေးခံသော မည်သည့် လွှတ်တော်ကိုယ်စားလှယ်လောင်းကမဆို သို့မဟုတ် မည်သည့် မဲဆန္ဒှရှင်က မဆို ဆီလျော်သော အကြောင်းပြချက်များကို ဖော်ပြပြီး ကော်မရှင်သို့ တင်သွင်းနိုင်ပါတယ်။,ရွေးကောက်ပွဲဥပဒေ,အပိုဒ် ၆၈ (က),2015GeneralElection
ElectionGeneral,71,Open-ended,ကော်မရှင်အဖွဲ့ခွဲဆိုတာ ဘာလဲ။,နေပြည်တော်ကော်မရှင် အဖွဲ့ခွဲ၊ တိုင်းဒေသကြီး (သို့မဟုတ်) ပြည်နယ် ကော်မရှင်အဖွဲ့ခွဲ၊ ကိုယ်ပိုင်အုပ်ချုပ်ခွင့်ရတိုင်း သို့မဟုတ် ကိုယ်ပိုင်အုပ်ချုပ်ခွင့်ရဒေသ ကော်မရှင်အဖွဲ့ခွဲ ခရိုင်ကော်မရှင်အဖွဲ့ခွဲ၊ မြို့နယ် ကော်မရှင်အဖွဲ့ခွဲ၊ ရပ်ကွက် သို့မဟုတ် ကျေးရွာ အုပ်စု ကော်မရှင်အဖွဲ့ခွဲ ဆိုပြီး ရှိပါတယ်။,ရွေးကောက်ပွဲဥပဒေ,အပိုဒ် ၂ (ဇ),2015GeneralElection
ElectoralDisputes,72,Yes/No,ရွေးကောက်ပွဲ တရားမဲ့ ပြုကျင့်မှုများကို ပြည်သူများက တင်ပြတိုင်ကြားပိုင်ခွင့်ရှိသလား။,ရှိပါသည်။ ရွေးကောက်ပွဲဥပဒေ အခန်း (၁၃) နဲ့ (၁၄) အရ မဲဆန္ဒရှင်များက တင်ပြတိုင်ကြားပိုင်ခွင့်ရှိပါတယ်။,ရွေးကောက်ပွဲဥပဒေ,အခန်း (၁၃) ( ၁၄),2015GeneralElection
ElectionGeneral,73,Yes/No,ပါတီဝင်မဟုတ်သူတွေ ရွေးကောက်ပွဲတွင် အမတ်လောင်းဝင်ပြိုင်ခွင့် ရှိပါသလား။,ရှိပါသည်။ ပါတီတခုချင်းစီရဲ့ သတ်မှတ်ချက်ပေါ် မူတည်ပါတယ်။ ဥပဒေအရ သတ်မှတ်ထားချက် မရှိပါ။,,,2015GeneralElection
ElectionGeneral,74,Yes/No,ရွေးကောက်ပွဲကျင်းပနေစဉ်မှာ ရွေးကောက်ပွဲဆိုင်ရာ ဥပဒေ အပြောင်းအလဲ ရှိပါသလား။,ရွေးကောက်ပွဲဆိုင်ရာ ဥပဒေများကို သတ်မှတ်ပြဌာန်းထားပြီး ဖြစ်ပါတယ်။ ကျင်းပနေစဉ်မှာ ဥပဒေဆိုင်ရာ အပြောင်းအလဲ မရှိနိုင်ပါ။,,,2015GeneralElection
ElectionGeneral,75,Open-ended,ရွေးကောက်ပွဲသံသရာ ဆိုတာ ဘာလဲ။,ရွေးကောက်ပွဲအကြိုကာလ၊ ရွေးကောက်ပွဲကာလနဲ့ ရွေးကောက်ပွဲနှောင်းပိုင်းကာလ သုံးမျိုးနဲ့ ဆက်စပ်တဲ့ လုပ်ငန်းတာဝန်များကို ဖော်ပြထားတဲ့ ဖြစ်စဉ်ပြ စက်ဝိုင်းကို ဆိုလိုတာပါ။ ရွေးကောက်ပွဲအကြိုကာလမှာ ရွေးကောက်ပွဲဆိုင်ရာ တရားဥပဒေမူဘောင်၊ အစီအစဉ်ရေးဆွဲချမှတ်ခြင်းနဲ့ အကောင်အထည်ဖော်ခြင်း၊ သတင်းအချက်အလက် လေ့ကျင့်သင်ကြားခြင်းနဲ့ အသိပညာပေးခြင်း၊ စာရင်းသွင်းမှတ်ပုံတင်ခြင်း၊ ရွေးကောက်ပွဲအတွက် စည်းရုံးလှုံဆော်ခြင်း စတာတွေပါဝင်ပါတယ်။ ရွေးကောက်ပွဲကာလမှာ မဲပေးခြင်း လုပ်ငန်းဆောင်ရွက်ခြင်းများနဲ့ ရွေးကောက်ပွဲနေ့၊ ရလဒ်များ စစ်ဆေးအတည်ပြုခြင်း စတာတွေ ပါဝင်ပါတယ်။ ရွေးကောက်ပွဲ နှောင်းပိုင်းကာလမှာတော့ ရွေးကောက်ပွဲ နှောင်းပိုင်းကာလဆိုင်ရာ လုပ်ငန်း တာဝန်များ ပါဝင်ပါတယ်။,,,2015GeneralElection
Civic Education,78,Open-ended,ဒီမိုကရေစီ ဆိုတာ ဘာလဲ။,ဂရိဘာသာစကား Demo (လူထု) နဲ့ Kratos (အုပ်ချုပ်ခြင်း) စသည့် စကားလုံးများမှ ဆင်းသက်လာပါသည်။ ပြည်သူလူထုထံမှ အာဏာသက်ဆင်းခြင်း ဖြစ်ပါသည်။,,,2015GeneralElection
Civic Education,79,Open-ended,ဖွဲ့စည်းပုံအခြေခံဥပဒေ ဆိုတာဘာလဲ။,နိုင်ငံတနိုင်ငံရဲ့ အမြင့်မားဆုံး ဥပဒေဖြစ်ပါသည်။ နိုင်ငံသားများနဲ့ အစိုးရများအကြားက ပဋိညာဉ်စာချုပ်တခု ဖြစ်ပါသည်။ အစိုးရအဖွဲ့တွင်း များအကြားဆက်ခံရေးနှင့် အစိုးရအစိတ်အပိုင်းအသီးသီး၏ တာဝန်ယူမှုရှိစေရန် ထိန်းကွပ်ပေးသည့် တိုင်းပြည်တစ်ပြည်၏ အဓိကကျသော သို့မဟုတ် အခြေခံကျသော ဥပဒေ။,အင်္ဂလိပ်-မြန်မာ ဒီမိုကရက်တစ် ခက်ဆစ်အသုံးအနှုန်းများ,,2015GeneralElection
ElectionGeneral,82,Open-ended,မီဒီယာများအား မဲရုံထဲကိုဝင်ခွင့်ပေးမှာလား။,ပြည်ထောင်စု ရွေးကောက်ပွဲကော်မရှင်က ခွင့်ပြုထားသည့် ရွေးကောက်ပွဲလေ့လာသူများ မဲရုံထဲကိုဝင်ခွင့်ရှိပါတယ်။ ,ပြည်သူ့လွှတ်တော် ရွေးကောက်ပွဲ နည်းဥပဒေ,၄၈ (ခ)၊ အပိုဒ်ခွဲ (၇),2015GeneralElection
ElectionGeneral,83,Open-ended,ရွေးကောက်ပွဲအနိုင်အရှုံး ဘယ်လို ကြေငြာမှာလဲ။,ခိုင်လုံသော ဆန္ဒမဲ အရေအတွက် အများဆုံး ရရှိတဲ့ လွှတ်တော်ကိုယ်စားလှယ်လောင်းများအား ရွေးကောက် တင်မြှောက်ခံရတဲ့ လွှတ်တော်ကိုယ်စားလှယ်များအဖြစ် တိုင်းဒေသကြီး သို့မဟုတ် ပြည်နယ်ကော်မရှင်အဖွဲ့ခွဲကကြေညာရမည်။ ယင်းကြေငြာချက်တစ်စောင်စီကို လိုအပ်သလို ဆောင်ရွက်နိုင်ရန် ကော်မရှင်သို့အမြန်ပေးပို့ရမည်။,ပြည်သူ့လွှတ်တော်ရွေးကောက်ပွဲနည်းဥပဒေများ,နည်းဥပဒေပုဒ်မ ၇၂ (က),2015GeneralElection
ElectionGeneral,84,Open-ended,ကြားဖြတ်ရွေးကောက်ပွဲကို ဘာလို့ကျင်းပတာလဲ။,အထွေထွေ ရွေးကောက်ပွဲသက်တမ်းကာလတခုအတွင်း ကိုယ်စားလှယ်နေရာများ လစ်လပ်တဲ့အခါ ကြားဖြတ်ရွေးကောက်ပွဲများ ကျင်းပပါတယ်။,ရွေးကောက်ပွဲဥပဒေ,ရွေးကောက်ပွဲဥပဒေ ပုဒ်မ ၈၉,2015GeneralElection
ElectionGeneral,85,Open-ended,ရွေးကောက်ပွဲကို ဘယ်နှစ်နှစ်မှာ တကြိမ် ကျင်းပသလဲ။,ရွေးကောက်ပွဲကို (၅) နှစ်တကြိမ် ကျင်းပပါတယ်။ လွှတ်တော်ကိုယ်စားလှယ်များ၏ သက်တမ်းနှင့် သမ္မတ၊ ဒုသမ္မတသက်တမ်းကုန်ဆုံးပြီးနောက်ကျင်းပပါသည်။,(၂၀၀၈) ဖွဲ့စည်းပုံအခြေခံဥပဒေ,ပုဒ်မ ၆၁ (က)၊ ပုဒ်မ ၁၁၉၊ ပုဒ်မ ၁၅၁၊ ပုဒ်မ ၁၆၈,2015GeneralElection
ElectionGeneral,86,Open-ended,မဲရုံအဖွဲ့ဆိုတာ ဘာလဲ။,မဲရုံအဖွဲ့ဆိုတာ မဲဆန္ဒနယ်တနယ်အတွင်းရှိ မဲရုံတရုံမှာ ဆန္ဒမဲပေးခြင်းနဲ့ စပ်လျဉ်း၍ စုပေါင်းတာဝန်ယူ ဆောင်ရွက်ဖို့ သက်ဆိုင်ရာ မြို့နယ် ရွေးကောက်ပွဲကော်မရှင်အဖွဲ့ခွဲက တာဝန်ပေးအပ်ထားသော အဖွဲ့ဖြစ်သည့် မဲရုံမှူး၊ ဒုတိယမဲရုံမှူးနှင့် မဲရုံအဖွဲ့များကို ဆိုလိုပါတယ်။,ပြည်သူ့လွှတ်တော်ရွေးကောက်ပွဲနည်းဥပဒေ,ပုဒ်မ ၃၉ (ဂ),2015GeneralElection
ElectionGeneral,87,Open-ended,မဲရုံမှူးဆိုတာ ဘာလဲ။,မဲရုံအဖွဲ့အား ကြီးကြပ်သော ပုဂ္ဂိုလ်ကို ဆိုလိုပါတယ်။,,ပြည်သူ့- နည်း ၃၉ (ဂ),2015GeneralElection
ElectionGeneral,88,Open-ended,မဲရုံအဖွဲ့မှာ နိုင်ငံဝန်ထမ်းတွေပဲ ပါတာလား။,မဲရုံမှူးနဲ့ ဒုမဲရုံမှူးကတော့ဝန်ထမ်းများကိုပဲ ရွေးချယ်ခန့်ထားပါတယ်။ မဲရုံအဖွဲ့မှာတော့ဝန်ထမ်းများအပြင်၊ မဲရုံမဲစာရင်းမှာ ပါဝင်ပြီး၊ အများယုံကြည်လေးစားခြင်း ခံရသော မဲဆန္ဒရှင် သို့မဟုတ် မဲဆန္ဒနယ်မြေအတွင်းရှိ ဒေသခံပြည်သူများနဲ့ ကော်မရှင်သတ်မှတ် ဦးရေအတွင်း ဖွဲ့စည်း တာဝန်ပေးအပ်နိုင်ပါတယ်။,,ပြည်သူ့- နည်း ၃၉ (ဂ),2015GeneralElection
VoterList,91,Open-ended,မဲစာရင်း ကို ဘယ်လိုပြုစုသလဲ။,မဲဆန္ဒရှင်စာရင်း ပြုစုခြင်းကို ပြည်ထောင်စု ရွေးကောက်ပွဲကော်မရှင်က အကောင်အထည်ဖော်ပြီး၊ ပုံစံ (၁) နဲ့  ပြုစုပါတယ်။ ပြုစုရာမှာ ရပ်ကွက် သို့မဟုတ် ကျေးရွာ အုပ်ချုပ်ရေးမှူးကလည်းကောင်း၊ မြို့နယ်လူဝင်မှုကြီးကြပ်ရေးနှင့် အမျိုးသားမှတ်ပုံတင်ရေး ဦးစီးဌာနကလည်းကောင်း ပြုစုထားတဲ့ လူဦးရေ(မသန်စွမ်းသူများအပါအဝင်)စာရင်းကို ရယူအခြေခံပြီး ပြုစုပါတယ်။,,ပြည်သူ့လွှတ်တော် နည်းဥပဒေ အပိုဒ် (၄)၊ အပိုဒ် (၅),2015GeneralElection
VoterList,92,Open-ended,မဲစာရင်းကို ပြည်သူအများသိအောင် မည်ကဲ့သို့ လုပ်ဆောင်သလဲ။,မဲဆန္ဒရှင်စာရင်းကို ပြည်သူများ သိအောင် ရပ်ကွက်၊ ကျေးရွာအုပ်စု ကော်မရှင်အဖွဲ့ခွဲရုံးများမှာ ထုတ်ပြန်ကြေငြာပါတယ်။ အမည်ကို ဘယ်အချိန်မှာ လာရောက်စစ်ဆေးရမလဲ ဆိုတာကို မဲဆန္ဒရှင် ပညာပေးခြင်း ပိုစတာများနဲ့ အများပြည်သူ ထုတ်ပြန်ကြေညာချက်များနဲ့ အသိပေး အကြောင်းကြားမှာ ဖြစ်ပါတယ်။,,,2015GeneralElection
VoterList,93,Open-ended,မဲစာရင်းမှာ အမည်စာရင်း မပါရင် ဘယ်လို လုပ်မလဲ။,မဲစာရင်းမှာ မိမိအမည်ပါဝင်ခြင်း မရှိက မဲစာရင်းမှာ ထည့်သွင်းပေးရန် တောင်းဆိုလွှာကို ပုံစံ (၃) နဲ့ သက်ဆိုင်ရာ ရပ်ကွက် (သို့မဟုတ်) ကျေးရွာ ကော်မရှင်အဖွဲ့ခွဲထံမှာ တင်သွင်းနိုင်ပါတယ်။,,လွှတ်တော် နည်းဥပဒေ ပုဒ်မ ၉),2015GeneralElection
VoterList,94,Open-ended,မဲစာရင်းမှာ နာမည်နဲ့ မှတ်ပုံတင်တွေ မှားနေရင် ဘာလုပ်ရမလဲ။,မဲစာရင်းမှာ သတင်းအချက်အလက်တွေ မှားနေလို့ ပြင်ဆင်လိုရင် ပြင်ဆင်လွှာကို ပုံစံ (၄- ဂ) နှင့် နည်းဥပဒေ ၈ အရ သက်ဆိုင်ရာ ကော်မရှင်သို့အဖွဲ့ခွဲသို့ တင်သွင်းနိုင်ပါတယ်။,,လွှတ်တော် နည်းဥပဒေ ပုဒ်မ ၁၁ (က),2015GeneralElection
VoterList,95,Open-ended,မဲစာရင်းမှာ သေဆုံးတဲ့လူ နာမည်တွေ ပါနေတယ်။ ဘယ်လိုလုပ်ရမလဲ။,မဲစာရင်းမှာ ပါဝင်နေသူများမှာ သေဆုံးသူ နာမည်တွေ ပဝင်နေတာကို တွေ့ရှိရင် ကန့်ကွက်လွှာကို ပုံစံ (၄) နဲ့ တင်သွင်းနိုင်ပါတယ်။,,လွှတ်တော် နည်းဥပဒေ ပုဒ်မ ၁၁ (ဂ),2015GeneralElection
VoterList,96,Yes/No,မဲစာရင်းမှာ အမည်စာရင်းပါရန် ပိုက်ဆံပေးဖို့လိုလား။ ပုံစံတွေကို ပိုက်ဆံပေးဝယ်ရမှာလား။,မဲစာရင်းမှာ အမည်စာရင်းပါဖို့ ပိုက်ဆံပေးရန်မလိုပါ။ ပုံစံတွေကို သက်ဆိုင်ရာ ရပ်ကျေးကော်မရှင်ခွဲထံမှာ အခမဲ့ ထုတ်ယူရမှာ ဖြစ်ပါတယ်။,,,2015GeneralElection
VoterList,97,Open-ended,မဲစာရင်း ပြင်ဆင်ချက်ကို ဘယ်အချိန်မှာ အဖြေသိရမလဲ။,ပုံစံတင်သွင်းပြီးချိန်မှ ခုနစ်ရက်အတွင်း သက်ဆိုင်ရာ ပုဂ္ဂိုလ်ထံကို ရပ်ကွက်၊ ကျေးရွာအုပ်စု ကော်မရှင်ခွဲက ပြန်ပို့ပေးမှာ ဖြစ်ပါတယ်။ ,,နည်းဥပဒေ ၁၂ (ခ),2015GeneralElection
VoterList,98,Open-ended,ရပ်ကွက်၊ ကျေးရွာအုပ်စု ကော်မရှင်ခွဲရဲ့ ဆုံးဖြတ်ချက်ကို မကျေနပ်ရင် ဘာလုပ်ရမလဲ။,နည်းဥပဒေ ၁၂ (ခ)အရအကြောင်းကြားစာ လက်ခံရရှိတဲ့နေ့ကစပြီး၊ သုံးရက်အတွင်း သက်ဆိုင်ရာ မြို့နယ်ကော်မရှင်အဖွဲ့ခွဲထံကို အယူခံနိုင်ပါတယ်။ မြို့နယ်ကော်မရှင်အဖွဲ့ခွဲရဲ့ ဆုံးဖြတ်ချက်က အပြီးသတ်ဖြစ်ပါတယ်။,,နည်းဥပဒေ ၁၂ (ဂ),2015GeneralElection
VoterList,99,Yes/No,မဲဆန္ဒရှင်စာရင်းက ရွေးကောက်ပွဲပြီးသွားရင်ကော ဆက်ရှိဦးမှာလား။,မဲစာရင်းကို ဗဟိုကွန်ပျူတာ အချက်အလက် ဘဏ်မှာ ဆက်လက် ထိန်းသိမ်း ထားရှိမှာ ဖြစ်ပါတယ်။ ကြားဖြတ်ရွေးကောက်ပွဲများနဲ့ နောင်လာမယ့် အထွေထွေရွေးကောက်ပွဲတွေ မတိုင်ခင်မှာ နောက်ဆုံးရ သတင်းအချက်အလက်ကို ဆက်လက်ကောက်ယူနိုင်ရန် ထုတ်ပြန်ပေးမှာ ဖြစ်ပါတယ်။,,,2015GeneralElection
VoterList,100,Yes/No,မဲစာရင်း မိတ္တူကို ကူးယူခွင့်ရှိလား။,လွှတ်တော်ကိုယ်စားလှယ်လောင်းတဦးဦးက လျှောက်ထားလာရင် မဲစာရင်း မိတ္တူတစုံကို အခမဲ့ကူးယူခွင့် ပြုနိုင်ပါတယ်။ အခြားသူတဦးဦးက ခိုင်လုံသော အကြောင်းပြချက်နဲ့ လျှောက်ထားခြင်းဖြစ်ရင် တမျက်နှာမှာ ငွေ ၂၅ ကျပ်နှုန်း ပေးသွင်းစေပြီး၊ ကူးယူခွင့် ပြုနိုင်ပါတယ်။,,နည်းဥပဒေ ၁၅ (ခ),2015GeneralElection
HowtoVote,101,Yes/No,မွတ်စလင်တွေ မဲပေးခွင့်ရှိသလား။,ဥပဒေအရ ဆန္ဒမဲပေးပိုင်ခွင့်ရှိသူတိုင်း ဘာသာမရွေး ရွေးကောက်ပွဲမှာ ဆန္ဒမဲပေးပိုင်ခွင့် ရှိပါတယ်။,ပြည်သူ့လွှတ်တော် ဥပဒေ,လွှတ်တော်ဥပဒေ အပိုဒ် ၆,2015GeneralElection
HowtoVote,102,Yes/No,အမျိုးသမီးတွေ မဲပေးခွင့် ရှိသလား။,ဥပဒေအရ ဆန္ဒမဲပေးပိုင်ခွင့်ရှိသူတိုင်း အမျိုးသား၊ အမျိုးသမီး မရွေး၊ ရွေးကောက်ပွဲမှာ ဆန္ဒမဲပေးပိုင်ခွင့် ရှိပါတယ်။ ,ပြည်သူ့လွှတ်တော်ဥပဒေ,လွှတ်တော် ဥပဒေ အပိုဒ် ၆,2015GeneralElection
HowtoVote,103,Yes/No,တိုင်းရင်းသားတွေ မဲပေးခွင့်ရှိသလား။,ဥပဒေအရ ဆန္ဒမဲပေးပိုင်ခွင့်ရှိသူတိုင်း ရွေးကောက်ပွဲမှာ ဆန္ဒမဲပေးပိုင်ခွင့် ရှိပါတယ်။ ,(၂၀၀၈) ဖွဲ့စည်းပုံအခြေခံဥပဒေ,ပုဒ်မ ၃၉၁ (က),2015GeneralElection
HowtoVote,104,Open-ended,မဲပေးခွင့် ရှိသူတွေက ဘယ်သူတွေလဲ။,ရွေးကောက်ပွဲစတင်ကျင်းပတဲ့နေ့မှာ အသက် (၁၈) နှစ်ပြည့်ပြီး၊ ဥပဒေပါ ပြဌာန်းချက်များနှင့် မဆန့်ကျင်သော နိုင်ငံသား၊ ဧည့်နိုင်ငံသားနဲ့ နိုင်ငံသားပြုခွင့်ရသူများ၊ သက်ဆိုင်ရာ မဲဆန္ဒနယ်ရဲ့ မဲစာရင်းမှာ ပါဝင်သူများက မဲပေးခွင့် ရှိပါတယ်။,ပြည်သူ့လွှတ်တော်,လွှတ်တော်ဥပဒေ- အပိုဒ် ၆,2015GeneralElection
HowtoVote,105,Open-ended,မဲပေးခွင့် မရှိသူတွေက ဘယ်သူတွေလဲ။,သာသနာ့ဝန်ထမ်း၊ ထောင်ဒဏ်ကျခံနေရသူ၊ စိတ်ပေါ့သွပ်သူ၊ လူမွဲအဖြစ် ဆုံးဖြတ်ကြေငြာခံထားရသည်မှ လွတ်မြောက်ခွင့် မရသေးသူ၊ ရွေးကောက်တင်မြှောက်ခြင်းဆိုင်ရာ ဥပဒေအရ တားမြစ်ခံရသူ၊ နိုင်ငံခြားသား သို့မဟုတ် နိုင်ငံခြားသားအဖြစ် ခံယူထားသူများ မဲပေးခွင့် မရှိပါ။ ,,လွှတ်တော်ဥပဒေ- အပိုဒ် ၇,2015GeneralElection
HowtoVote,106,Open-ended,မဲရုံဖွင့်ချိန်၊ ပိတ်ချိန်က ဘာတွေလဲ။,မဲရုံများကို နံနက် ၆ နာရီမှ ညနေ ၄ နာရီအထိ ဖွင့်လှစ်ထားပါတယ်။,ပြည်သူ့လွှတ်တော်,လွှတ်တော်ဥပဒေ ၄၂ (က),2015GeneralElection
HowtoVote,107,Yes/No,မိသားစုထဲမှ ခရီးလွန်နေသူများအတွက် ကိုယ်စားပြုမဲ ပေးခွင့်ရှိသလား။,ပေးခွင့်မရှိပါ။ တစုံတဦးအတွက် ကိုယ်စားပြုမဲပေးခြင်းဟာ ရွေးကောက်ပွဲဆိုင်ရာ ပြစ်မှု ဖြစ်ပါတယ်။ ,ပြည်သူ့လွှတ်တော်,လွှတ်တော်ဥပဒေ ၅၉,2015GeneralElection
HowtoVote,108,Yes/No,သာသနာ့ဝန်ထမ်းဆိုတာမှာ ယာယီ ရဟန်းဝတ်ထားသူတွေ ပါသလား။,သာသာနာ့ဝန်ထမ်း ဆိုတာမှာ ခေတ္တ သာသနာ့ဝန်ထမ်း ခံယူထားသူများနဲ့လဲ သက်ဆိုင်ပါတယ်။ ,ပြည်သူ့လွှတ်တော် ရွေးကောက်ပွဲဥပဒေ,လွှတ်တော်ဥပဒေ အခန်း (၁) အပိုဒ် ၂ (စျ),2015GeneralElection
HowtoVote,109,Open-ended,မဲပေးရာမှာ လျှို့ဝှက်မှုရှိအောင် ဘယ်လို လုပ်ရမလဲ။,ဆန္ဒမဲပေးသူဟာ လျှို၀က် ဆန္ဒပြုခန်း အတွင်းသို့ဝင်ပြီး၊ တံဆိပ်တုံးနှိပ် ဆန္ဒပြုပြီးတဲ့အခါ သူတပါး မမြင်စေဖို့ ဆန္ဒမဲလက်မှတ်ကို ခေါက်ပြီး၊ သတ်မှတ်ထားတဲ့ မဲပုံးမှာ ထည့်သွင်းရပါမယ်။,ပြည်သူ့လွှတ်တော်နည်းဥပဒေ,လွှတ်တော် ဥပဒေ အပို်ဒ် ၄၁ (က) (ခ),2015GeneralElection
HowtoVote,110,Open-ended,မဲပေးတဲ့သူ နောက်တကြိမ် ထပ်ပြီး၊ မဲလာမပေးအောင် ဘယ်လိုကာကွယ်ရမလဲ။,နောက်တကြိမ် မဲလာမပေးအောင် မဲရုံအထွက်မှာ မင်တို့တဲ့ စနစ်ကို ကျင့်သုံးထားပါတယ်။ ,ပြည်သူ့လွှတ်တော်နည်းဥပဒေ,လွှတ်တော်ဥပဒေ အပိုဒ် ၄၁ (ဂ),2015GeneralElection
HowtoVote,111,Yes/No,မဲရုံတွေကို စောပြီး ပိတ်နိုင်သလား။,ဆန္ဒမဲပေးပိုင်ခွင့် ရှိသူအားလုံး ဆန္ဒမဲပေးပြီးရင် မဲရုံများကို ညနေ ၄ နာရီထက် စောပြီး ပိတ်နိုင်ပါတယ်။,ပြည်သူ့လွှတ်တော်ဥပဒေ,လွှတ်တော်ဥပဒေ အပိုဒ် ၄၂ (က),2015GeneralElection
HowtoVote,112,Yes/No,မဲရုံပိတ်ချိန် လေးနာရီကျော်သွားရင် မဲပေးလို့ ရနိုင်သေးလား။,မဲရုံမပိတ်မီ မဲရုံပ၀ဏ်အတွင်းမှာ ဆန္ဒမဲပေးရန် ရောက်နေသူများအနက် မဲမပေးသူများရှိပါက စာရင်းကောက်ယူပြီး၊ စာရင်းထဲမှာ ပါသူများသာ ဆန္ဒမဲပေးချိန် ကျော်လွန်စေပေမယ့် မဲပေးခွင့် ရှိပါတယ်။,ပြည်သူ့လွှတ်တော် ဥပဒေ,လွှတ်တော် ဥပဒေ ၄၂ (ခ),2015GeneralElection
HowtoVote,113,Open-ended,ကြိုတင်မဲ ဘယ်သူတွေ ပေးခွင့်ရှိလဲ။,မဲဆန္ဒနယ်ပြင်ပရောက် တပ်မတော်သားများ၊ ကျောင်းသားများ၊ သင်တန်းသားများ၊ အချုပ်ခံနေရသူများနဲ့ ဆေးရုံသို့ တက်ရောက်ကုသနေသူများက ကြိုတင်မဲနဲ့ သက်ဆိုင်ရာ မဲဆန္ဒနယ်မှာ ပေးနိုင်ဖို့ သက်ဆိုင်ရာ မြို့နယ်ကော်မရှင်ခွဲက စီစဉ်ပေးရပါတယ်။ မဲပေးပိုင်ခွင့် ရှိသူက အမည်စာရင်းပါတဲ့ မဲဆန္ဒနယ်ကို ကျော်လွန်ပြီး၊ ခရီး၀သွားဖို့ရှိရင် ကြိုတင်မဲပေးနိုင်ဖို့ သက်ဆိုင်ရာ ရပ်ကွက်၊ ကျေးရွာ ကော်မရှင်ခွဲက စီစဉ်ပေးရပါတယ်။,,လွှတ်တော်ဥပဒေ ၄၅,2015GeneralElection
HowtoVote,115,Open-ended,မဲဆန္ဒနယ် ပြင်ပရောက် ကျောင်းသားနဲ့ သင်တန်းသား ဘာကွာလဲ။,မဲဆန္ဒနယ် ပြင်ပရောက် ကျောင်းသားဆိုတာက အစိုးရဖွင့်လှစ်ထားတာ (သို့မဟုတ်) အသိအမှတ်ပြုထားတဲ့ ကျောင်းများမှာ မိမိနဲ့ သက်ဆိုင်တဲ့ မဲဆန္ဒနယ်ရဲ့ ပြင်ပမှာ ပညာသင်ကြားနေသူကို ဆိုလိုပါတယ်။ မဲဆန္ဒနယ် ပြင်ပရောက် သင်တန်းသား ဆိုတာက မိမိနဲ့သက်ဆိုင်တဲ့ မဲဆန္ဒနယ်ပြင်ပမှာ အစိုးရဌာန သို့မဟုတ် အစိုးရအဖွဲ့အစည်းက ဖွင့်လှစ်သင်ကြားတဲ့ သင်တန်းတခုခုကို တက်ရောက်လေ့ကျင့် ပညာသင်ကြားနေသူကို ဆိုလိုတာ ဖြစ်ပါတယ်။ ,,နည်းဥပဒေ ၂ (ဂ) (ဃ),2015GeneralElection
HowtoVote,116,Yes/No,ထောင်မှ လွတ်လာသူတွေ မဲပေးခွင့်ရှိလား။,ထောင်ဒဏ်ကျခံနေရသူများသာ မဲပေးခွင့် မရှိတာပါ။ လွတ်မြောက်လာရင် မဲပေးခွင့် ရှိပါတယ်။ ,ပြည်သူ့လွှတ်တော်ရွေးကောက်ပွဲဥပဒေ,ရွေးကောက်ပွဲဥပဒေ- အပိုဒ် ၇ (ခ)၊ အပိုဒ် ၂ (ဋ),2015GeneralElection
HowtoVote,117,Yes/No,ကိုယ်စားလှယ်လောင်းများ မဲပေးခွင့်ရှိလား။,မဲပေးခွင့် ရှိပါတယ်။ ကန့်သတ်ချက် မရှိပါ။ ဥပဒေအရ ဆန္ဒမဲပေးပိုင်ခွင့်ရှိသူတိုင်း  ရွေးကောက်ပွဲမှာ ဆန္ဒမဲပေးပိုင်ခွင့် ရှိပါတယ်။ ,ပြည်သူ့လွှတ်တော်ရွေးကောက်ပွဲဥပဒေ,လွှတ်တော်ဥပဒေ အပိုဒ် ၆ ၊အပိုဒ် ၇,2015GeneralElection
HowtoVote,118,Yes/No,ပါတာဝန်များ မဲပေးခွင့်ရှိလား။,မဲပေးခွင့် ရှိပါတယ်။ ကန့်သတ်ချက် မရှိပါ။ ဥပဒေအရ ဆန္ဒမဲပေးပိုင်ခွင့်ရှိသူတိုင်း  ရွေးကောက်ပွဲမှာ ဆန္ဒမဲပေးပိုင်ခွင့် ရှိပါတယ်။ ,ပြည်သူ့လွှတ်တော်ရွေးကောက်ပွဲဥပဒေ,လွှတ်တော်ဥပဒေ အပိုဒ် ၆ အပိုဒ် ၇,2015GeneralElection
HowtoVote,119,Yes/No,ဆေးရုံအတွင်းလူနာများ မဲပေးခွင့်ရှိလား။,ဆေးရုံအတွင်းလူနာများ ကြိုတင်မဲပေးခွင့် ရှိပါတယ်။ ,ပြည်သူ့လွှတ်တော်ရွေးကောက်ပွဲဥပဒေ,ရွေးကောက်ပွဲ ဥပဒေ အပို်ဒ် ၄၅ (င),2015GeneralElection
HowtoVote,120,Open-ended,နိုင်ငံပြင်ပမဲတွေကို ဘယ်သူတွေ ပေးခွင့်ရှိလဲ။,သံတမန်များ၊ အစိုးရက တာဝန်ပေးအပ်စေလွှတ်ထားတဲ့ အရပ်ဘက်ဝန်ထမ်းများ၊ နိုင်ငံပြင်ပရှိ နိုင်ငံတကာ အဖွဲ့အစည်းများမှာ တာဝန်ထမ်းဆောင်နေသူများ၊ အစိုးရခွင့်ပြုချက်နဲ့ အလုပ်လုပ်နေတဲ့ ပုဂ္ဂလိက စီးပွားရေး လုပ်ငန်းရှင်များ၊ အစိုးရစေလွှတ်မှုနဲ့ နိုင်ငံပြင်ပရောက်နေတဲ့ ပညာတော်သင်များ၊ အစိုးရခွင့်ပြုချက်နဲ့ နိုင်ငံပြင်ပရောက်နေသူများမှာ မဲပေးခွင့် ရှိပါတယ်။,ပြည်သူ့လွှတ်တော်နည်းဥပဒေ,ဥပဒေ အပိုဒ် ၅၇ (က)(၂),2015GeneralElection
HowtoVote,121,Yes/No,သက်သေခံကဒ်ပြားမပါဘဲ မဲပေးနိုင်ပါသလား။,မဲပေးနိုင်ပါသည်။ ဥပဒေအရ မဲဆန္ဒရှင်များအနေဖြင့် ဆန္ဒမဲပေးရန်အတွက် သက်သေခံကဒ်ပြား ယူဆောင်လာရန် မလိုအပ်ပါ။ မဲဆန္ဒရှင်အနေဖြင့် မဲဆန္ဒရှင်စာရင်းတွင်ပါဝင်ရုံဖြင့် မဲပေးခွင့်ရှိပါသည်။ သို့သော် အလေးထားအကြံပြုလိုသည်မှာ မဲဆန္ဒရှင်များအနေဖြင့် ဆန္ဒမဲပေးရာတွင် လိုအပ်ပါက သက်သေပြနိုင်ရန်အတွက် သက်သေခံကဒ်ပြားတစ်ခုခုပါသင့်ပါသည်။,ပြည်သူ့လွှတ်တော် ဥပဒေ အပိုဒ် ၆ (ခ) ၊ ပြည်ထောင်စုရွေးကောက်ပွဲကော်မရှင် ၂၀၁၅ မြန်မာနိုင်ငံ အထွေထွေရွေးကောက်ပွဲ မဲရုံမှူး၊ ဒုတိယမဲရုံမှူးနှင့် မဲရုံအဖွဲ့ဝင် လက်စွဲစာအုပ်,အခန်း ၃.၁ (၂),2015GeneralElection
HowtoVote,122,Open-ended,မဲရုံမှာ တိုင်းရင်းသာဝတ်စုံဝတ်လို့ရလား။,မဲရုံမှာဝတ်စုံ ကန့်သတ်ချက် မရှိပါ။ ပါတီတံဆိပ်ပါဝတ်စုံများဝတ်ဆင်ခြင်းကိုသာ ကန့်သတ်ထားပါတယ်။,,,2015GeneralElection
HowtoVote,123,Yes/No,မဲပေးတဲ့နေ့မှာ ထောင်က ထွက်လာပါက မဲပေးခွင့်ရှိသလား။,မဲစာရင်းမှာ အမည်စာရင်းပါရင်တော့ မဲပေးခွင့် ရှိပါတယ်။,ပြည်သူ့လွှတ်တော်ဥပဒေ,အပိုဒ် ၆ (ခ)၊ အပိုဒ် ၇,2015GeneralElection
HowtoVote,124,Yes/No,ကိုယ်မဲပေးချင်တဲ့ ပါတီမှာ လက်မှတ်ထိုးလို့ရလား။,မဲပေးရာမှာ သတ်မှတ်ထားတဲ့ တံဆိပ်တုံးနှိပ် မဲပေးခြင်းကလွဲလို့၊ ဘယ်လို လက်မှတ်နဲ့ အမှတ်အသားမှ ပြု လုပ်ခွင့် မရှိပါ။ ပယ်မဲဖြစ်သွားပါလိမ့်မည်။,ပြည်ထောင်စုရွေးကောက်ပွဲကော်မရှင် ၂၀၁၅ မြန်မာနိုင်ငံ အထွေထွေရွေးကောက်ပွဲ မဲရုံမှူး၊ ဒုတိယမဲရုံမှူးနှင့် မဲရုံအဖွဲ့ဝင် လက်စွဲစာအုပ်,,2015GeneralElection
HowtoVote,125,Yes/No,တံဆိပ်တုံးနှိပ် မဲပေးတဲ့အခါ အမှတ်တံဆိပ်က ပြောင်းပြန် ဖြစ်သွားရင် ပယ်မဲ ဖြစ်မှာလား။,ပယ်မဲမဖြစ်ပါ။ အမှတ်တံဆိပ် ပြောင်းပြန်ဖြစ်နေပေမယ့် လေးထောင့်ကွက်ထဲမှာဝင်နေတယ်ဆိုရင် ခိုင်လုံမဲ ဖြစ်ပါတယ်။,ပြည်ထောင်စုရွေးကောက်ပွဲကော်မရှင် ၂၀၁၅ မြန်မာနိုင်ငံ အထွေထွေရွေးကောက်ပွဲ မဲရုံမှူး၊ ဒုတိယမဲရုံမှူးနှင့် မဲရုံအဖွဲ့ဝင် လက်စွဲစာအုပ်,,2015GeneralElection
HowtoVote,126,Yes/No,တံဆိပ်တုံးနှိပ်မဲပေးတဲ့အခါ လူအမည်ပေါ် မှားနှိပ်မိရင် ပယ်မဲ ဖြစ်မှာလား။,ပယ်မဲ မဖြစ်ပါ။ လူအမည်ပေါ် မှားနှိပ်မိရင်လဲ ခိုင်လုံမဲ ဖြစ်ပါတယ်။,ပြည်ထောင်စုရွေးကောက်ပွဲကော်မရှင် ၂၀၁၅ မြန်မာနိုင်ငံ အထွေထွေရွေးကောက်ပွဲ မဲရုံမှူး၊ ဒုတိယမဲရုံမှူးနှင့် မဲရုံအဖွဲ့ဝင် လက်စွဲစာအုပ်,,2015GeneralElection
HowtoVote,127,Yes/No,တံဆိပ်တုံးနှိပ်မဲပေးတဲ့အခါ ပါတီတံဆိပ်ပေါ် မှားနှိပ်မိရင် ပယ်မဲ ဖြစ်မှာလား။,ပယ်မဲ မဖြစ်ပါ။ ပါတီတံဆိပ်ပေါ်မှာ မှားနှိပ်မိရင်လဲ ခိုင်လုံမဲ ဖြစ်ပါတယ်။,ပြည်ထောင်စုရွေးကောက်ပွဲကော်မရှင် ၂၀၁၅ မြန်မာနိုင်ငံ အထွေထွေရွေးကောက်ပွဲ မဲရုံမှူး၊ ဒုတိယမဲရုံမှူးနှင့် မဲရုံအဖွဲ့ဝင် လက်စွဲစာအုပ်,,2015GeneralElection
HowtoVote,128,Yes/No,တံဆိပ်တုံးနှိပ်မဲပေးတဲ့အခါ လေးထောင့်ကွက်ထဲမှာ နှစ်ခါနှိပ်မိရင် ပယ်မဲ ဖြစ်မှာလား။,ပယ်မဲ ဖြစ်ပါတယ်။ မဲဆန္ဒပြုရမယ့် လေးထောင့်ကွက်ထဲမှာ နှစ်ခါနှိပ်လို့ မရပါဘူး။ တကြိမ်ထက်ပို၍ ဆန္ဒပြုထားသော မဲများက ပယ်မဲ ဖြစ်ပါတယ်။,ပြည်ထောင်စုရွေးကောက်ပွဲကော်မရှင် ၂၀၁၅ မြန်မာနိုင်ငံ အထွေထွေရွေးကောက်ပွဲ မဲရုံမှူး၊ ဒုတိယမဲရုံမှူးနှင့် မဲရုံအဖွဲ့ဝင် လက်စွဲစာအုပ်,,2015GeneralElection
HowtoVote,129,Yes/No,မဲစာရွက်ပေါ်မှာ အစွန်းအထင်းပါရင် ပယ်မဲ ဖြစ်မှာလား။,အစွန်းအထင်းပါသော မဲများက ပယ်မဲ ဖြစ်ပါတယ်။,ပြည်ထောင်စုရွေးကောက်ပွဲကော်မရှင် ၂၀၁၅ မြန်မာနိုင်ငံ အထွေထွေရွေးကောက်ပွဲ မဲရုံမှူး၊ ဒုတိယမဲရုံမှူးနှင့် မဲရုံအဖွဲ့ဝင် လက်စွဲစာအုပ်,,2015GeneralElection
HowtoVote,130,Yes/No,လုံ၀ဆန္ဒမပြုဘူးဆိုရင် ပယ်မဲ ဖြစ်မှာလား။,လုံ၀န္ဒမပြုထားသော မဲများကို ပယ်မဲအဖြစ် သတ်မှတ်မှာ ဖြစ်ပါတယ်။,ပြည်ထောင်စုရွေးကောက်ပွဲကော်မရှင် ၂၀၁၅ မြန်မာနိုင်ငံ အထွေထွေရွေးကောက်ပွဲ မဲရုံမှူး၊ ဒုတိယမဲရုံမှူးနှင့် မဲရုံအဖွဲ့ဝင် လက်စွဲစာအုပ်,,2015GeneralElection
HowtoVote,131,Open-ended,တံဆိပ်တုံးအကွက် ကိုးကွက်မှာ ဘယ်နှစ်ကွက်က လေးထောင့်ကွက်ထဲဝင်ရင် ခိုင်လုံမဲ ဖြစ်မလဲ။,တံဆိပ်တုံးအကွက် ခြောက်ကွက်က လေးထောင့်ကွက်ထဲဝင်ရင် ခိုင်လုံမဲ ဖြစ်ပါတယ်။,ပြည်ထောင်စုရွေးကောက်ပွဲကော်မရှင် ၂၀၁၅ မြန်မာနိုင်ငံ အထွေထွေရွေးကောက်ပွဲ မဲရုံမှူး၊ ဒုတိယမဲရုံမှူးနှင့် မဲရုံအဖွဲ့ဝင် လက်စွဲစာအုပ်,,2015GeneralElection
HowtoVote,132,Yes/No,ဆန္ဒမဲ ပြုရတဲ့ အကွက်တွေ ပြင်ပမှာ မဲတံဆိပ်နှိပ်မိရင် ပယ်မဲ ဖြစ်မှာလား။,ပယ်မဲ ဖြစ်ပါတယ်။ ဆန္ဒပြုရမယ့် အကွက်ပြင်ပမှာ ဆန္ဒပြုထားတဲ့မဲက ပယ်မဲ ဖြစ်ပါတယ်။,ပြည်ထောင်စုရွေးကောက်ပွဲကော်မရှင် ၂၀၁၅ မြန်မာနိုင်ငံ အထွေထွေရွေးကောက်ပွဲ မဲရုံမှူး၊ ဒုတိယမဲရုံမှူးနှင့် မဲရုံအဖွဲ့ဝင် လက်စွဲစာအုပ်,,2015GeneralElection
HowtoVote,133,Yes/No,မဲတံဆိပ်နှိပ်ရာမှာ ဘေးတိုက်ကြီးဖြစ်နေရင် ပယ်မဲ ဖြစ်မှာလား။,ပယ်မဲ မဖြစ်ပါ။ ဘေးတိုက်ဖြစ်ဖြစ်၊ ပြောင်းပြန်ဖြစ်ဖြစ် ခိုင်လုံမဲ ဖြစ်ပါတယ်။,ပြည်ထောင်စုရွေးကောက်ပွဲကော်မရှင် ၂၀၁၅ မြန်မာနိုင်ငံ အထွေထွေရွေးကောက်ပွဲ မဲရုံမှူး၊ ဒုတိယမဲရုံမှူးနှင့် မဲရုံအဖွဲ့ဝင် လက်စွဲစာအုပ်,,2015GeneralElection
ElectoralDisputes,134,Yes/No,လွှတ်တော်ကိုယ်စားလှယ်အဖြစ် ပါဝင်ယှဉ်ပြိုင်မယ့် ကိုယ်စားလှယ်တွေ အရည်အချင်းမပြည့်မှီလို့ ထင်ရင် ကန့်ကွက်နိုင်သလား။,လွှတ်တော်ကိုယ်စားလှယ်လောင်းတဦးရဲ့ ရွေးကောက်ပွဲပါဝင်ယှဉ်ပြိုင်ခွင့်ရှိခြင်းနဲ့ ပတ်သက်ပြီး ကန့်ကွက်လိုရင် သက်ဆိုင်ရာ မဲဆန္ဒနယ်မှာ ယှဉ်ပြိုင်ရွေးကောက်ခံတဲ့ ကိုယ်စားလှယ်လောင်းတဦးဦးက ကန့်ကွက်နိုင်ပါတယ်။ ,ပြည်သူ့လွှတ်တော် ရွေးကောက်ပွဲ ဥပဒေ,အခန်း ၇၊ ပုဒ်မ ၂၅ (ခ)၊ တိုင်းဒေသကြီးနှင့် ပြည်နယ်လွှတ်တော်ရွေးကောက်ပွဲဥပဒေ ပုဒ်မ ၂၅ (ခ),2015GeneralElection
ElectoralDisputes,135,Open-ended,ရွေးကောက်ပွဲ ရလဒ်ကို ကန့်ကွက်လိုရင် ဘယ်လို လုပ်ရမလဲ။,တရားမဲ့ ပြုကျင့်မှုနဲ့ ကိုယ်စားလှယ်လောင်းအဖြစ် ရွေးကောက်ခံရတဲ့အဖြစ်ကို ရောက်ရှိစေသော တရားဝင် ကျူးလွန် ချိုးဖောက်မှုအပေါ် ကန့်ကွက်ခြင်း ပြုလုပ်လိုပါက မည်သည့် မဲဆန္ဒရှင်မဆို (သို့မဟုတ်) ယှဉ်ပြိုင်ခဲ့တဲ့ ကိုယ်စားလှယ်လောင်း (သို့မဟုတ်) ရွေးကောက်ပွဲကိုယ်စားလှယ်က ကန့်ကွက်မှုကို ရွေးကောက်ပွဲကော်မရှင်သို့ တင်သွင်းနိုင်ပါတယ်။ ရွေးကောက်ပွဲရလဒ်များ ကြေငြာပြီး၊ ၄၅ ရက်အတွင်း လျှောက်ထား တင်သွင်းနိုင်ပါတယ်။,(၂၀၀၈) ဖွဲ့စည်းပုံအခြေခံဥပဒေ,ပုဒ်မ ၃၉၉ (ဆ)၊ ရွေးကောက်ပွဲဥပဒေများ အခန်း (၁၄)၊ (၁၅) ရွေးကောက်ပွဲနည်းဥပဒေအခန်း ၁၄၊,2015GeneralElection
ElectoralDisputes,136,Open-ended,ရွေးကောက်ပွဲတာဝန်ရှိသူများနဲ့ မဲရံဝန်ထမ်းများကို တရားစွဲဆိုခွင့် ရှိသလား။,ဥပဒေနဲ့အညီ မိမိတာဝန်ကို သဘောရိုးနဲ့ ဆောင်ရွက်ခြင်းများအပေါ် တိုင်တန်းချက်များနဲ့ ပတ်သက်ပြီး၊ ရွေးကောက်ပွဲကော်မရှင်က စုံစမ်းစစ်ဆေးပိုင်ခွင့် ရှိပါတယ်။ လုပ်ငန်းတာဝန်များကို ဥပဒေအတိုင်း တတ်စွမ်းသမျှ အကောင်းဆုံး သဘောရိုးနဲ့ ဆောင်ရွက်ခြင်းများအတွက် တရားစွဲဆိုခြင်း မခံထိုက်စေရပါ။,ပြည်သူ့လွှတ်တော် ရွေးကောက်ပွဲဥပဒေ၊ ဖွဲ့စည်းပုံအခြေခံဥပဒေ,ပုဒ်မ ၅၄၊ ပြည်သူ့လွှတ်တော်ဥပဒေ အပိုဒ်၈၇၊ ဖွဲ့စည်းပုံအခြေခံဥပဒေ ၃၉၉ (ဆ),2015GeneralElection
ElectoralDisputes,137,Open-ended,ပါတီတွေရဲ့ မဲရုံကိုယ်စားလှယ်တွေက မဲရုံအတွင်း မဲလာဆွယ်ရင် ဘယ်လို လုပ်ရမလဲ။,မဲရုံမှူးကို တိုင်ကြားသင့်ပါတယ်။ စောနိုင်သမျှ စောလျင်စွာ၊ ရွေးကောက်ပွဲနေ့ ဖြစ်ပေါ်သော ချိုးဖောက် ပြုမူမှုများအတွက် ချက်ချင်းအရေးယူနိုင်ရန် တိုင်ကြားနိုင်ပါတယ်။ ,ပြည်သူ့လွှတ်တော်ရွေးကောက်ပွဲဥပဒေ,အခန်း ၁၃၊ ၁၄,2015GeneralElection
ElectoralDisputes,138,Open-ended,သူတပါး ဟန်ဆောင်ပြီး မဲပေးသူကိုတွေ့ရင် ဘာလုပ်ရမလဲ။,တွေ့ရှိပါက သက်ဆိုင်တဲ့ မည်သူမဆို (မဲဆန္ဒရှင်များ၊ နိုင်ငံရေးပါတီများ၊ ကိုယ်စားလှယ်လောင်းများ၊ စောင့်ကြည့်လေ့လာသူများ) က မူမမှန်တာကို မဲရုံမှူးအား သတင်းပို့ရပါတယ်။ ပြီးတဲ့အခါ ရဲ (သို့မဟုတ်) လုံခြုရေးကို သတင်းပို့နိုင်ပါတယ်။  ရွေးကောက်ပွဲကျင်းပစဉ်နဲ့ ရွေးကောက်ပွဲကျင်းပပြီး၊ ၁၅ ရက်အတွင်း တိုင်တန်းနိုင်ပါတယ်။,ပြည်သူ့လွှတ်တော်ရွေးကောက်ပွဲဥပဒေ,အခန်း ၁၃၊ လုပ်ငန်း လမ်းညွန်များ အပိုဒ် ၅ (ဂ) (၁၁)၊ အပိုဒ် ၇ (ဇ),2015GeneralElection
ElectoralDisputes,139,Open-ended,မဲပေးတဲ့နေ့မှာ ဘယ်သူ့ကို မဲပေးရမယ်လို့ လာခြိမ်းချောက်ရင်၊ ဘယ်သူ့ကို မဲမပေးရဘူးလို့ လာဟန့်တားရင် ဘယ်လိုလုပ်မလဲ။,တွေ့ရှိပါက သက်ဆိုင်တဲ့ မည်သူမဆို (မဲဆန္ဒရှင်များ၊ နိုင်ငံရေးပါတီများ၊ ကိုယ်စားလှယ်လောင်းများ၊ စောင့်ကြည့်လေ့လာသူများ) က မူမမှန်တာကို မဲရုံမှူးအား သတင်းပို့ရပါတယ်။ ပြီးတဲ့အခါ ရဲ (သို့မဟုတ်) လုံခြုရေးကို သတင်းပို့နိုင်ပါတယ်။  ရွေးကောက်ပွဲကျင်းပစဉ်နဲ့ ရွေးကောက်ပွဲကျင်းပပြီး၊ ၁၅ ရက်အတွင်း တိုင်တန်းနိုင်ပါတယ်။,ပြည်သူ့လွှတ်တော်ရွေးကောက်ပွဲဥပဒေ,အခန်း ၁၃၊ လုပ်ငန်း လမ်းညွန်များ,2015GeneralElection
HowtoVote,140,Yes/No,မဲမှားပေးမိရင်၊ မဲလက်မှတ်ကို ဆုတ်ဖြဲလိုက်ရမလား။,မဲလက်မှတ်ကို ဆုတ်ဖြဲလို့မရပါ။ ဥပဒေချိုးဖောက်မှု ဖြစ်ပါတယ်။,ရွေးကောက်ပွဲဥပဒေ,အခန်း ၁၃၊ လုပ်ငန်း လမ်းညွန်များ ၅ ဃ ၁၄ (ဆဆ),2015GeneralElection
Civic Education,141,Open-ended,တိုင်းရင်းသားရေးရာဝန်ကြီး ဆိုတာ ဘာလဲ။,တိုင်းရင်းသား လူမျိုးစုတစုဟာ မြန်မာနိုင်ငံ အမျိုးသားလူဦးရေရဲ့၀၁ ရာခိုင်နှုန်း အနည်းဆုံးရှိရာ သက်ဆိုင်ရာ ပြည်နယ်များနဲ့ တိုင်းဒေသကြီးများမှာ ရွေးကောက်ပွဲများအတွင်း ရွေးချယ် တင်မြှောက် ခံရမည့်သူများ ဖြစ်ပါတယ်။,(၂၀၀၈) ဖွဲ့စည်းပုံအခြေခံဥပဒေ,အခန်း ၄ ပုဒ်မ ၁၆၁ (ခ) နဲ့ (ဂ)၊ ပုဒ်မ ၂၆၂ (ဂ),2015GeneralElection
Civic Education,142,Open-ended,တိုင်းရင်းသားရေးရာဝန်ကြီး ဘယ်နှစ်ဦးရှိလဲ။,စုစုပေါင်း (၂၉) ဦး ရှိပါတယ်။ ဧရ၀ီ တိုင်းဒေသကြီးမှာ ၂ ဦး၊ ပဲခူးတိုင်းဒေသကြီးမှာ ၁ ဦး၊ ကချင်ပြည်နယ်မှာ ၄ ဦး၊ ကရင်ပြည်နယ်မှာ ၃ ဦး၊ ကယားပြည်နယ်မှာ ၁ ဦး၊ မကွေးတိုင်းဒေသကြီးမှာ ၁ ဦး၊ မန္တလေး တိုင်းဒေသကြီးမှာ ၁ ဦး၊ မွန်ပြည်နယ်မှာ ၃ ဦး၊ ရခိုင်ပြည်နယ်မှာ ၁ ဦး၊ စစ်ကိုင်းတိုင်း ဒေသကြီးမှာ ၂ ဦး၊ ရှမ်းပြည်နယ်မှာ ၇ ဦး၊ တနင်္သာရီတိုင်းဒေသကြီးမှာ ၁ ဦး၊ ရန်ကုန်တိုင်း ဒေသကြီးမှာ ၂ ဦး ဖြစ်ပါတယ်။,တိုင်းဒေသကြီး သို့မဟုတ် ပြည်နယ်လွှတ်တော် ရွေးကောက်ပွဲဥပဒေ,အခန်း ၂၊ အပိုဒ် ၃ (က၊ ခ၊ ဂ),2015GeneralElection
Civic Education,143,Open-ended,တိုင်းရင်းသားရေးရာဝန်ကြီးဌာန အရေအတွက်ကို ဘယ်သူက ဆုံးဖြတ်သလဲ။,လူဝင်မှုကြီးကြပ်ရေးနှင့် ပြည်သူ့အင်အားဝန်ကြီးဌာနဟာ တိုင်းရင်းသားရေးရဝန်ကြီး ရွေးကောက်ပွဲအတွင် အချက်အလက်များ၊ တိုင်းရင်းသားလူမျိုးစု မည်ရွေ့မည်မျှက မည်သည့်နေရာတွင် ရှိကြသည် ဆိုခြင်းကို ကူညီပံ့ပိုးကာ၊ အကယ်၍ ပြည်နယ် (သို့မဟုတ်) တိုင်းဒေသကြီး တခုမှာ တိုင်းရင်းသားရေးရာဝန်ကြီးဌာန ထားရှိရန် ဆန္ဒမဲပေးသူ အရေအတွက် လုံလုံလောက်လောက် ရှိပါက ပြည်ထောင်စုရွေးကောက်ပွဲ ကော်မရှင်ကို တိုင်းရင်းသားရေးရာဝန်ကြီး ထားရှိရေး ပြဌာန်းပေးရန် ခွင့်ပြုရပါမယ်။,,ရွေးကောက်ပွဲ လုပ်ငန်းလမ်းညွန်,2015GeneralElection
VoterList,144,Yes/No,မဲဆန္ဒရှင်စာရင်းမှာ မိမိဘယ် တိုင်းရင်းသားလူမျိုးဖြစ်ကြောင်း ဖော်ပြထားလား။,တိုင်းရင်းသား လူမျိုးရေးရာ အသေးစိတ် အချက်အလက်များကို ပုံမှန် မဲဆန္ဒရှင် စာရင်းများမှာ ထည့်သွင်းမှာ မဟုတ်ပဲ၊ ပြည်ထောင်စု ရွေးကောက်ပွဲ ကော်မရှင်က တိုင်းရင်းသားလူမျိုး ရေးရာဝန်ကြီး ရွေးကောက်ပွဲအတွက် ပုံစံ ၁-က နဲ့ သီးသန့် မဲဆန္ဒရှင် စာရင်းကို ပြုစုသွားမှာ ဖြစ်ပါတယ်။,,,2015GeneralElection
ElectionGeneral,145,Yes/No,လူတယောက်က မှတ်ပုံတင် (သို့မဟုတ်) အိမ်ထောင်စုဇယားမှာ တိုင်းရင်းသားလူမျိုးဖြစ်မှု တခုထက် မက ပါရှိတယ် ဆိုရင် အမည်က တခုထက်ပိုတဲ့ မဲဆန္ဒရှင်စာရင်းမှာ ပါမှာလား။ တိုင်းရင်းသားလွှတ်တော် ကိုယ်စားလှယ်တဦးထက်ပိုပြီး၊ ဆန္ဒမဲပေးနိုင်မှာလား။,မရပါ။ ဆန္ဒမဲပေးခွင့်ရှိသူတိုင်းဟာ တိုင်းရင်းသားရေးရာဝန်ကြီးတဦးသာလျှင် ရွေးကောက် တင်မြှောက်ရပါမယ်။,တိုင်းဒေသကြီး သို့မဟုတ် ပြည်နယ်လွှတ်တော် ရွေးကောက်ပွဲဥပဒေ,အပိုဒ် ၄၄,2015GeneralElection
VoterList,146,Yes/No,ကိုယ့်အမည်က တိုင်းရင်းသားလူမျိုးဝန်ကြီး ရွေးချယ်ဖို့အတွက် မဲဆန္ဒရှင် စာရင်းမှာ မပါရှိခြင်း (သို့) အသေးစိတ်အချက်များ မှန်ကန်မှု မရှိခြင်းများ ရှိရင် ကန့်ကွက်နိုင်ပါသလား။,ကန့်ကွက်နိုင်ပါတယ်။ အမှားပြင်ဆင်ခြင်းနဲ့ ကန့်ကွက်ခြင်းများကို ပုံစံ ၃၊ ၄-ခ နဲ့ ၄ တို့နဲ့ ပုံမှန်မဲဆန္ဒရှင် စာရင်း အတိုင်း ဆောင်ရွက်နိုင်ပါတယ်။,,,2015GeneralElection
ElectionGeneral,147,Open-ended,ကိုယ့်မှတ်ပုံတင် ကဒ်မှာ ဖော်ပြထားတဲ့ တိုင်းရင်းသားလူမျိုးအမည် မှားယွင်းနေပါက ဘယ်လိုဖြစ်မှာလဲ။,မှတ်ပုံတင်ကဒ်ကို ရွေးကောက်ပွဲများ မတိုင်မီ ပြန်လည် လဲလှယ်ထားရပါမယ်။,,,2015GeneralElection
HowtoVote,148,Yes/No,တိုင်းရင်းသား ရေးရာဝန်ကြီး ရွေးကောက်တင်မြှောက်ရမယ့် မဲလက်မှတ်က သီးခြားရှိလား။,သီးခြား ဖြစ်ပါတယ်။ မဲလက်မှတ်ပေါ်မှာ ပြည်ထောင်စု ရွေးကောက်ပွဲကော်မရှင်က လက်ခံမှတ်ပုံတင် ခွင့်ပြုထားသော ကိုယ်စားလှယ်များအားလုံး ပါဝင်ပါတယ်။,,,2015GeneralElection
ElectionGeneral,149,Open-ended,တိုင်းရင်းသား ရေးရာဝန်ကြီး ရွေးကောက်ပွဲအတွက် မဲဆန္ဒနယ်က ဘာတွေလဲ။,မဲဆန္ဒနယ်က ပြည်နယ် (သို့မဟုတ်) တိုင်းဒေသကြီး တခုနဲ့ တူညီပါတယ်။,,,2015GeneralElection
Civic Education,151,Open-ended,ပြည်ထောင်စုဝန်ကြီးများအား မည်သို့ရွေးချယ်သလဲ။,နိုင်ငံတော်သမ္မတမှ ရွေးချယ်ပြီး ပြည်ထောင်စုလွှတ်တော်၏ သဘောတူညီချက်ကို ရယူရပါမည်။ ကာကွယ်ရေး၊ ပြည်ထဲရေးနှင့် နယ်စပ်ရေးရာဝန်ကြီးဌာနများအတွက် တပ်မတော်ကာကွယ်ရေးဦးစီးချုပ်ထံမှ သင့်လျော်သည့် တပ်မတော်သားအမည်စာရင်းကို ရယူကာ  ပြည်ထောင်စုလွှတ်တော်၏ သဘောတူညီချက်ကို ရယူရပါမည်။,(၂၀၀၈) ဖွဲ့စည်းပုံအခြေခံဥပဒေ,အခန်း (၅)၊ ပုဒ်မ ၂၃၂,2015GeneralElection
Civic Education,152,Open-ended,တိုင်းဒေသကြီး သို့မဟုတ် ပြည်နယ်ဝန်ကြီးချုပ်အား မည်သို့ရွေးချယ်သလဲ,နိုင်ငံတော်သမ္မတမှ တိုင်းဒေသကြီး သို့မဟုတ် ပြည်နယ် လွှတ်တော်မှ ရွေးချယ်ထားသည့် လွှတ်တော်ကိုယ်စားလှယ်အား သက်ဆိုင်ရာ တိုင်းဒေသကြီး သို့မဟုတ် ပြည်နယ်ဝန်ကြီးချုပ်ခန့်အပ်တာဝန်ပေးရန် သက်ဆိုင်ရာ တိုင်းဒေသကြီး သို့မဟုတ် ပြည်နယ်ဝန်ကြီးချုပ်မှ အတည်ပြုရမည်။,(၂၀၀၈) ဖွဲ့စည်းပုံအခြေခံဥပဒေ,ပုဒ်မ ၂၆၁,2015GeneralElection
Civic Education,154,Open-ended,မြန်မာနိုင်ငံတွင် မြို့နယ်ဘယ်နှခုရှိသလဲ,ပြည်သူ့လွှတ်တော်အား ရွေးချယ်တင်မြှောက်ရန်အတွက် မြို့နယ်ပေါင်း ၃၃၀မှ ရွေးချယ်ခဲ့ရာ မြို့နယ်ပေါင်း ၃၃၀ုမြန်မာနိုင်ငံတွင်ရှိပါသည်။,,,2015GeneralElection
HowtoVote,155,,မဲပေးနေစဉ် ပါတီတံဆိပ်ပါ တီရှပ်၊ ရင်ထိုး၊ ဦးထုပ်များယူဆောင်ဝတ်ဆောင်လို့ရပါသလား။,မရပါ။,,,2015GeneralElection
HowtoVote,156,Yes/No,မဲပြားတွင်မဲပေးရန်အတွက် ဘောပင်ယူဆောင်ရပါမည်လား။,မရပါ။ မဲပြားပေါ်တွင် တရားဝင် ပြည်ထောင်စုရွေးကောက်ပွဲကော်မရှင်မှ တံဆိပ်ရိုက်နှိပ်ပြီးသားဖြစ်ပါသည်။,,,2015GeneralElection
Civic Education,158,Open-ended,နိုင်ငံတော် အကြီးအကဲမှာဘယ်သူလဲ။,နိုင်ငံတော် သမ္မတဖြစ်ပါတယ်,(၂၀၀၈) ဖွဲ့စည်းပုံအခြေခံဥပဒေ,ပုဒ်မ ၅၈,2015GeneralElection
Civic Education,159,Open-ended,ဥပဒေပြုရန်အတွက်မည်သူတွင် အာဏာရရှိသနည်း။,လွှတ်တော်တွင် ဥပဒေပြုရန်အတွက် ပဏာမအာဏာရှိပါသည်။,(၂၀၀၈) ဖွဲ့စည်းပုံအခြေခံဥပဒေ,ပုဒ်မ ၉၆ နှင့် ပုဒ်မ ၁၈၈,2015GeneralElection
Civic Education,160,Open-ended,လွှတ်တော် ဘယ်နှစ်ရပ်ရှိသလဲ။,ပြည်ထောင်စုအဆင့်တွင် လွှတ်တော် ၃ ရပ်ရှိပါသည်။ အမျိုးသားလွှတ်တော်နှင့် ပြည်သူ့လွှတ်တော်၊ ထိုလွှတ်တော်နှစ်ရပ်ပေါင်းကာ ပြည်ထောင်စုလွှတ်တော်စသည့် လွှတ်တော် ၃ ရပ်ရှိပါသည်။ တိုင်းဒေသကြီးနှင့် ပြည်နယ်အသီးသီးတွင်လည်း လွှတ်တော်ထားရှိပါသည်။,(၂၀၀၈) ဖွဲ့စည်းပုံအခြေခံဥပဒေ,ပုဒ်မ ၉၆ နှင့် ပုဒ်မ ၁၈၈,2015GeneralElection
Civic Education,161,Open-ended,တိုင်းဒေသကြီး သို့မဟုတ် ပြည်နယ်ဝန်ကြီးချုပ်မှ ဘယ်လိုအရည်အချင်းရှိဖို့လိုသလဲ။,အသက် သုံးဆယ့်ငါးနှစ် ပြည့်ပြီးသူ၊ အသက်ကန့်သတ်ချက်မှအပ ပြည်သူ့လွှတ်တော်ကိုယ်စားလှယ်များ အတွက် သတ်မှတ်ထားသည့် အရည်အချင်းများနှင့် ပြည့်စုံသူ၊ ပြည်သူ့လွှတ်တော် ကိုယ်စားလှယ်များအဖြစ် ရွေးကောက်တင်မြှောက်ခံပိုင်ခွင့် မရှိစေသော ပြဌာန်းချက်များနှင့်လည်း ငြိစွန်းခြင်း မရှိသူ၊,(၂၀၀၈) ဖွဲ့စည်းပုံအခြေခံဥပဒေ,ပုဒ်မ ၂၆၁,2015GeneralElection
VoterList,162,,ရွေးကောက်ပွဲနေ့တွင် မိမိအမည် မဲဆန္ဒရှင်စာရင်းတွင် မပါဝင်ပါက မည်သို့လုပ်ဆောင်ရပါမည်နည်း။,မဲစာရင်းတွင် မိမိအမည် ပါဝင်မှု သေချာစေရန် ရွေးကောက်ပွဲရက် မတိုင်မီ တတ်နိုင်သမျှစောစော ရပ်ကွက်/ကျေးရွာအုပ်စု ကော်မရှင်အဖွဲ့ခွဲရုံးတွင် သက်ဆိုင်ရာ ပုံစံများကိုဖြည့်စွတ်ပါ။ ရွေးကောက်ပွဲနေ့တွင် မိမိအမည် မဲဆန္ဒရှင်စာရင်းတွင် မပါဝင်ပါက၊ ဆန္ဒမဲပေးခွင့်ရမည် မဟုတ်ပါ။,ပြည်ထောင်စုရွေးကောက်ပွဲကော်မရှင် ၂၀၁၅ မြန်မာနိုင်ငံ အထွေထွေရွေးကောက်ပွဲ မဲရုံမှူး၊ ဒုတိယမဲရုံမှူးနှင့် မဲရုံအဖွဲ့ဝင် လက်စွဲစာအုပ်,,2015GeneralElection
ElectionGeneral,163,,ရွေးကောက်ပွဲနေ့က ဘယ်နေ့လဲ။,၂၀၁၅၊ နိုဝင်ဘာ ၈ (တနင်္ဂနွေနေ့),ပြည်ထောင်စုရွေးကောက်ပွဲကော်မရှင် အသိပေးချက်ထုတ်ပြန်ကြေငြာခြင်း,,2015GeneralElection
Civic Education,164,Open-ended,အမျိုးသားလွှတ်တော်နှင့် ပြည်သူ့လွှတ်တော်အကြား ကွဲပြားမှုကဘာလဲ,အမျိုးသားလွှတ်တော်ဆိုသည်မှာ တိုင်းဒေသကြီးနှင့် ပြည်နယ်ကိုအခြေခံကာ နယ်မြေ ၁၂နယ်ကိုကိုယ်စားပြုရပါသည်။ ပြည်သူ့လွှတ်တော်ဆိုသည်မှာ မြို့နယ်ကိုအခြေခံကာ ကိုယ်စားပြုရပါသည်။ ၎င်းတို့နှစ်ရပ်အား ပြည်ထောင်စုလွှတ်တော်ဟုခေါ်ပါသည်။,ဖွဲ့စည်းပုံအခြေခံဥပဒေ,ပုဒ်မ ၇၄,2015GeneralElection
HowtoVote,165,Open-ended,မဲပေးပြီးနောက်တွင် ဘာကြောင့် မင်တို့ခြင်းခံရရန်လိုအပ်သလဲ,မင်တို့ခြင်းမှာ လူတစ်ဦးသည် မဲပေးပြီးနောက် နှစ်ကြိမ်မဲပေးခြင်းမှ ကာကွယ်ခြင်းဖြစ်သည်။,ပြည်သူ့လွှတ်တော်နည်းဥပဒေ,လွှတ်တော်ဥပဒေ အပိုဒ် ၄၁ (ဂ),2015GeneralElection
HowtoVote,166,Open-ended,မိမိဆန္ဒမဲပေးရန် မည်သည့်နေရာကိုသွားရမည်နည်း။,မဲဆန္ဒရှင်များ ဆန္ဒမဲပေးနိုင်ရန် သက်ဆိုင်ရာ ရပ်ကွက်/ကျေးရွာအုပ်စု ကော်မရှင်အဖွဲ့ခွဲမှ မဲရုံများသတ်မှတ်ပေးပါလိမ့်မည်။,,,2015GeneralElection
HowtoVote,167,Open-ended,မဲဆန္ဒရှင်သက်သေခံလက်မှတ် ဆိုတာဘာလဲ။,ရပ်ကွက်/ကျေးရွာအုပ်စု ကော်မရှင်အဖွဲ့ခွဲမှ ရွေးကောက်ပွဲနေ့မတိုင်မီ တစ်ပတ်အလိုတွင် မဲဆန္ဒရှင်များအား မဲဆန္ဒရှင်သက်သေခံလက်မှတ် ထုတ်ပေးရပါမည်။ မဲဆန္ဒရှင်သက်သေခံလက်မှတ်တွင် မဲဆန္ဒစာရင်းမှ မဲဆန္ဒရှင်၏ သတင်းအချက်အလက်များကို ဖြည့်စွတ်ရပါမည်။,ပြည်ထောင်စုရွေးကောက်ပွဲကော်မရှင် ၂၀၁၅ မြန်မာနိုင်ငံ အထွေထွေရွေးကောက်ပွဲ မဲရုံမှူး၊ ဒုတိယမဲရုံမှူးနှင့် မဲရုံအဖွဲ့ဝင် လက်စွဲစာအုပ်,အခန်း ၆.၄,2015GeneralElection
HowtoVote,168,Open-ended,မိမိအနေဖြင့် မဲဆန္ဒရှင်သက်သေခံလက်မှတ် မရပါက မည်သို့ဖြစ်မည်နည်း။,မဲဆန္ဒရှင် အနေဖြင့် မဲဆန္ဒရှင်သက်သေခံလက်မှတ် မရရှိသော်လည်း၊ မဲဆန္ဒရှင်စာရင်းတွင် မိမိအမည်ပါရှိပါက မဲပေးခွင့်ရှိပါသည်။ အလေးအနက်အကြံပြုလိုသည်မှာ မဲဆန္ဒရှင်အနေဖြင့် မဲဆန္ဒရှင်စာရင်းတွင် ပါဝင်သူဖြစ်ကြောင်းသက်သေပြနိုင်ရန် အခြားသောခိုင်လုံသည့်သက်သေခံပုံစံတစ်ခု ယူဆောင်သွားသင့်ပါသည်။,ပြည်ထောင်စုရွေးကောက်ပွဲကော်မရှင် ၂၀၁၅ မြန်မာနိုင်ငံ အထွေထွေရွေးကောက်ပွဲ မဲရုံမှူး၊ ဒုတိယမဲရုံမှူးနှင့် မဲရုံအဖွဲ့ဝင် လက်စွဲစာအုပ်,အခန်း ၆.၄၊ အခန်း ၃.၂ (၂),2015GeneralElection
HowtoVote,169,Yes/No,မဲရုံတွင် ဆန္ဒမဲပေးရန်အတွက် သက်သေခံအထောက်အထားတစ်ခုခု ယူဆောင်သွားရပါမည်လား။,မလိုအပ်ပါ။ ဥပဒေအရ မဲဆန္ဒရှင်များ အနေဖြင့် မည်သည့် သက်သေအထောက်အထားမှ ယူလာရန်မလိုအပ်ပါ။ မဲဆန္ဒရှင်စာရင်းတွင် အမည်စာရင်းပါဝင်ပါက မဲပေးခွင့်ရမည်ဖြစ်ပါသည်။ သို့သော် အလေးထားအကြံပြုလိုသည်မှာ မဲဆန္ဒရှင်များအနေဖြင့် မဲဆန္ဒရှင်သက်သေခံလက်မှတ်ကို တစ်ပါတည်းယူဆောင်သွားသင့်ပါသည်။,ပြည်ထောင်စုရွေးကောက်ပွဲကော်မရှင် ၂၀၁၅ မြန်မာနိုင်ငံ အထွေထွေရွေးကောက်ပွဲ မဲရုံမှူး၊ ဒုတိယမဲရုံမှူးနှင့် မဲရုံအဖွဲ့ဝင် လက်စွဲစာအုပ်,အခန်း ၆.၄၊ အခန်း ၃.၁ (၂),2015GeneralElection
HowtoVote,170,Open-ended,မဲဆန္ဒရှင်သက်သေခံလက်မှတ်တွင် ဘာတွေပါဝင်ပါသလဲ။,မဲဆန္ဒရှင်သက်သေခံလက်မှတ်အား ရပ်ကွက်/ကျေးရွာအုပ်စု ကော်မရှင်အဖွဲ့ခွဲမှ ပြင်ဆင်ပေးပြီး၊ မဲဆန္ဒရှင် ဆန္ဒမဲပေးရမည့် မဲရုံအမှတ်နှင့် မဲစာရင်းအမှတ်စဉ်တို့ပါဝင်ပါသည်။ ထိုအပြင် မဲဆန္ဒရှင်အမည်၊ ကျား/မ၊ မွေးသက္ကရာဇ်၊ မိဘအမည်များနှင့် နေရပ်လိပ်စာတို့လည်း ပါဝင်ပါသည်။,ပြည်ထောင်စုရွေးကောက်ပွဲကော်မရှင် ၂၀၁၅ မြန်မာနိုင်ငံ အထွေထွေရွေးကောက်ပွဲ မဲရုံမှူး၊ ဒုတိယမဲရုံမှူးနှင့် မဲရုံအဖွဲ့ဝင် လက်စွဲစာအုပ်,အခန်း ၆.၄,2015GeneralElection
HowtoVote,171,Open-ended,မိမိ၏ မဲဆန္ဒရှင်သက်သေခံလက်မှတ်တွင် အချက်အလက်များ မမှန်ကန်ပါက မည်သို့လုပ်ဆောင်ရမည်နည်း။,မိမိ၏ မဲဆန္ဒရှင်သက်သေခံလက်မှတ်တွင် အချက်အလက်များ မမှန်ကန်ပါက ရပ်ကွက်/ကျေးရွာအုပ်စု ကော်မရှင်အဖွဲ့ခွဲသို့ အကြောင်းကြားရပါမည်။ ရွေးကောက်ပွဲနေ့တွင်ပင် အချက်အလက်များ ဆက်လက်မှားယွင်းနေပါက၊ မဲရုံမှူးသို့ အကြောင်းကြားရပါမည်။ မဲဆန္ဒရှင်သက်သေခံလက်မှတ်တွင် အနည်းငယ်မှားယွင်းရုံဖြင့် မဲပေးခွင့် မဆုံးရှုံးနိုင်ပါ။,ပြည်ထောင်စုရွေးကောက်ပွဲကော်မရှင် ၂၀၁၅ မြန်မာနိုင်ငံ အထွေထွေရွေးကောက်ပွဲ မဲရုံမှူး၊ ဒုတိယမဲရုံမှူးနှင့် မဲရုံအဖွဲ့ဝင် လက်စွဲစာအုပ်,အခန်း ၆.၄ (၉),2015GeneralElection
HowtoVote,172,Open-ended,မိမိ၏ မဲဆန္ဒရှင်သက်သေခံလက်မှတ် ပျောက်ဆုံးပါက မည်သို့လုပ်ဆောင်ရမည်နည်း။,မဲဆန္ဒရှင် အနေဖြင့် မဲဆန္ဒရှင်သက်သေခံလက်မှတ် ပျောက်ဆုံးသော်လည်း၊ မဲဆန္ဒရှင်စာရင်းတွင် မိမိအမည်ပါရှိပါက ဆန္ဒမဲပေးခွင့်ရှိပါသည်။ အလေးအနက်အကြံပြုလိုသည်မှာ မဲဆန္ဒရှင်အနေဖြင့် မဲဆန္ဒရှင်စာရင်းတွင် ပါဝင်သူဖြစ်ကြောင်းသက်သေပြနိုင်ရန် အခြားသောခိုင်လုံသည့်သက်သေခံပုံစံတစ်ခု ယူဆောင်သွားသင့်ပါသည်။,ပြည်ထောင်စုရွေးကောက်ပွဲကော်မရှင် ၂၀၁၅ မြန်မာနိုင်ငံ အထွေထွေရွေးကောက်ပွဲ မဲရုံမှူး၊ ဒုတိယမဲရုံမှူးနှင့် မဲရုံအဖွဲ့ဝင် လက်စွဲစာအုပ်,အခန်း ၆.၄ (၁၁),2015GeneralElection
HowtoVote,173,Open-ended,ရွေးကောက်ပွဲနေ့တွင် မဲဆန္ဒရှင်စာရင်းတွင်ပါဝင်သော အချက်အလက်များမမှန်ကန်ပါက မည်သို့ဖြစ်မည်နည်း။,ရွေးကောက်ပွဲနေ့တွင် မိမိ၏ မဲဆန္ဒရှင်စာရင်းပါ သတင်းအချက်အလက်များမှားယွင်းနေပါက ဆန္ဒမဲပေးခွင့်မပြုမှီ မိမိအနေဖြင့် မဲဆန္ဒရှင်စာရင်းပါသူဖြစ်ကြောင်း သက်သေပြရန် လိုအပ်ပါလိမ့်မည်။ ဆန္ဒမဲပေးခွင့်ပြု/မပြုဆုံးဖြတ်ချက်သည် မဲရုံးမှူးပေါ်တွင်သာ မူတည်ပါသည်။,ပြည်ထောင်စုရွေးကောက်ပွဲကော်မရှင် ၂၀၁၅ မြန်မာနိုင်ငံ အထွေထွေရွေးကောက်ပွဲ မဲရုံမှူး၊ ဒုတိယမဲရုံမှူးနှင့် မဲရုံအဖွဲ့ဝင် လက်စွဲစာအုပ်,အခန်း ၃.၁ (၂),2015GeneralElection
VoterList,174,Open-ended,ကြားဖြတ်ရွေးကောက်ပွဲကို မည်သည့်အချိန်၊ မည်သည့်နေရာတွင် ကျင်းပမည်နည်း။,"ကြားဖြတ်ရွေးကောက်ပွဲကို ၂၀၁၇ခုနှစ် ဧပြီလ (၁) ရက်နေ့တွင် မြို့နယ်ပေါင်း (၂၂) မြို့နယ်ရှိ လစ်လပ်သောနေရာ (၁၉) နေရာတွင်ကျင်းပပြုလုပ်မည်။ ဤလစ်လပ်သောနေရာ (၁၉)နေရာမှာ အမျိုးသားလွှတ်တော်မှ (၃)နေရာ၊ ပြည်သူ့လွှတ်တော်မှ (၉)နေရာ နှင့် တိုင်း/ပြည်နယ် လွှတ်တော်မှ (၇)နေရာတို့ ပါဝင်ပြီး မဲပေးသူဦးရေပေါင်း ပျမ်းမျှအားဖြင့် (၂.၃)သန်း အထိရှိမည်ဟု ခန့်မှန်း ထားပါသည်။  

လစ်လပ်သောနေရာ (၁၉) နေရာ ဖြစ်ပေါ်လာရခြင်း အကြောင်းအရင်းများမှာ ၂၀၁၅ ရွေးကောက်ပွဲအတွင်း ရွေးကောက်ခံအမတ်များသည် ပြည်ထောင်စုဝန်ကြီး အဖြစ်ခန့်အပ် ခံရခြင်း၊ ကွယ်လွန်သွားခြင်း တို့ကြောင့်ဖြစ်ပြီး ရှမ်းပြည်နယ်ရှိ မိုင်းရှုးနှင့် ကျေးသီး နှစ်မြို့နယ်မှာ ၂၀၁၅ ရွေးကောက်ပွဲအတွင်း လုံခြုံရေးအခြေအနေအရ ရွေးကောက်ပွဲ မကျင်းပနိုင်ခဲ့သောကြောင့် ဖြစ်သည်။ 
",,,2017ByElection
VoterList,175,Open-ended,ကြားဖြတ်ရွေးကောက်ပွဲအတွက် ပြည်ထောင်စုရွေးကောက်ပွဲကော်မရှင်မှ မဲဆန္ဒရှင်စာရင်း များကို မည်ကဲ့သို့ ပြုစုမည်နည်း။ ,ကြားဖြတ် ရွေးကောက်ပွဲတွင် အသုံးပြုမည့် မဲဆန္ဒရှင်စာရင်းမှာ ၂၀၁၅ ရွေးကောက်ပွဲတွင် အသုံးပြုခဲ့သော မဲဆန္ဒရှင်စာရင်းကို အခြေခံထားခြင်းဖြစ်ပြီး ရွေးကောက်ပွဲကျင်းပမည့် မဲဆန္ဒနယ်အသီးသီးတွင် ရွေးကောက်ပွဲကော်မရှင်အဖွဲ့ခွဲများမှ တစ်အိမ်တက် တစ်အိမ်ဆင်း စနစ်ဖြင့် မဲဆန္ဒရှင်စာရင်းများ ထပ်မံစိစစ် ဖြည့်သွင်းလျက်ရှိပါသည်။ ကြားဖြတ်ရွေးကောက်ပွဲ ကျင်းပမည့်နေ့ ၂၀၁၇ခုနှစ် ဧပြီလ(၁)ရက်နေ့တွင် အသက်(၁၈)နှစ် ပြည့်မည့်သူများသည်လည်း မဲဆန္ဒရှင်စာရင်းတွင် ပါဝင်မည်ဖြစ်သည်။ မဲဆန္ဒရှင်စာရင်းပြုစုရာတွင် အသုံးပြုသည့် အချက်အလက်များသည် ရပ်/ကျေး အထွေထွေအုပ်ချုပ် ရေးဦးစီးဌာန မှတ်တမ်းစာအုပ်မှ ဖြစ်သည်။ လိုအပ်ပါကလည်း အထွေထွေအုပ်ချုပ်ရေးမှူးရုံးမှတစ်ဆင့် အလုပ်သမား၊ လူဝင်မှု ကြီးကြပ်ရေးနှင့် ပြည်သူ့အင်အားဝန်ကြီးဌာနရှိ အိမ်ထောင်စုစာရင်းများ (ပုံစံ ၆၆/၆)တွင် ပါဝင်သော အချက်အလက်များနှင့်လည်း တိုက်ဆိုင်စီစစ် သွားမည်ဖြစ်သည်။ ,,,2017ByElection
VoterList,176,Yes/No,မဲဆန္ဒရှင်စာရင်းများတွင်အမှားများပါရှိနိုင်ပါသလား။,ယခုလာမည့် ကြားဖြတ်ရွေးကောက်ပွဲတွင် အသုံးပြုမည့် မဲဆန္ဒရှင်စာရင်းမှာ ၂၀၁၅ ရွေးကောက်ပွဲကြီးတွင် အသုံးပြုခဲ့သော မဲဆန္ဒရှင်စာရင်းဖြစ်ပြီး၊ ထိုမဲဆန္ဒရှင်စာရင်းကို နှစ်ကြိမ် တိုင်တိုင် ကပ်ထားကြေညာခဲ့ပြီး အမှားပြင်ဆင်ချက် (၈)သန်းကျော်ကို ပြန်လည် ဖြည့်စွက် ပြုစု ထားခြင်းဖြစ်ပါသည်။ ကြားဖြတ်ရွေးကောက်ပွဲကို ကြိုတင် ပြင်ဆင်သည့် အနေဖြင့် ပြည်ထောင်စု ရွေးကောက်ပွဲကော်မရှင်မှ တစ်အိမ်တက်ဆင်း ကောက်ယူသော စနစ်ကို အသုံးပြုပြီး၊ မဲဆန္ဒရှင် စာရင်းများကို ကပ်ထားကြေညာသည့် ကာလတွင်လည်း မဲစာရင်းများကို အလွယ်တကူ ပြန်လည် ပြုပြင်ဖြည့်စွက်နိုင်ရန် ပြင်ဆင်ထားရှိသွားမည် ဖြစ်သည်။ မဲဆန္ဒရှင်များမှလည်း မဲဆန္ဒရှင် စာရင်းတွင် အမည်များထပ်တိုးခြင်း၊ ပယ်ဖျက်ခြင်း နှင့်ပြင်ဆင်ခြင်းများကို ပြုလုပ်နိုင်သော အခွင့်အရေးများ ရရှိမည်ဖြစ်သည်။ ပြီးခဲ့သည့် ရွေးကောက်ပွဲကြီးကဲ့သို့ “Check-Your-Name” ဝက်ဆိုဒ်ကိုလည်း ပြည်ထောင်စုရွေးကောက်ပွဲကော်မရှင်၏ အွန်လိုင်းတွင် လွှွင့်တင်ပေးထားမည် ဖြစ်သည်။,,,2017ByElection
VoterList,178,Open-ended,မိမိ၏အမည်သည် မဲဆန္ဒရှင်စာရင်းတွင် မပါရှိပါက မည်ကဲ့သို့ ထည့်သွင်းနိုင်သနည်း။,သင်သည် အမြဲတမ်းနေထိုင်သူတစ်ယောက်ဖြစ်ပြီး သင်၏အမည်ကို မဲဆန္ဒရှင်စာရင်းတွင် မတွေ့ရှိပါက ရပ်/ကျေးကော်မရှင်ခွဲရုံးသိုု့  ပုံစံ (၃) ဖြင့်လျှောက်ထားနိုင်သည်။,,,2017ByElection
VoterList,179,Open-ended,မိမိ၏ အမည်နှင့် အချက်အလက်များ မှားနေလျင် မည်ကဲ့သို့ ပြင်ဆင်နိုင်သနည်း။,သင်၏အမည်သည် မဲဆန္ဒရှင်စာရင်းတွင် ပါဝင်သော်လည်း မွေးရက်၊ အမည်စာလုံးပေါင်း၊ အချက်အလက်များ မှားယွင်းနေပါက ရပ်/ကျေးကော်မရှင်ခွဲရုံးသိုု့ ပုံစံ (၄-ဂ)ဖြင့် လျှောက်ထား နိုင်ပါသည်။,,,2017ByElection
VoterList,180,Open-ended,ဆန္ဒမဲပေးပိုင်ခွင့်မရှိသူ (သို့) ကွယ်လွန်ပြီးသူ အမည်များကို မဲဆန္ဒရှင်စာရင်းမှ ကန့်ကွက် ချင်လျင် မည်ကဲ့သိုု့ လုပ်ဆောင်ရမည်နည်း။ ,သင်သည် မဲဆန္ဒရှင်စာရင်းမှ တစ်စုံတစ်ယောက်ကို ကန့်ကွက်ချင်လျင်၊ ဥပမာ သေဆုံးပြီးသူ မဲဆန္ဒရှင်စာရင်းတွင် မပါဝင်သင့်သူတို့ကို ကန့်ကွက်ချင်လျင် ရပ်/ကျေးကော်မရှင်ခွဲရုံးသို့ ပုံစံ (၄)ဖြင့် လျှောက်ထားနိုင်သည်။,,,2017ByElection
VoterList,181,Open-ended,မဲဆန္ဒနယ် ပြောင်းရွှေ့ မဲပေးလိုပါက မည်ကဲ့သို့ ဆောင်ရွက်နိုင်သနည်း။ ,"မဲဆန္ဒရှင်သည် မဲဆန္ဒနယ်အတွင်း ဆန္ဒမဲပေးခြင်းကို နည်းလမ်းနှစ်မျိုးဖြင့် ပြောင်းရွေ့ မဲပေးနိုင်ပါသည်။ တစ်နည်းမှာ မဲဆန္ဒနယ်တွင် ယာယီနေထိုင် လျှောက်ထားခြင်းနှင့် နောက်တစ်နည်းမှာ အမြဲတမ်းရွေ့ပြောင်း လျှောက်ထားခြင်းဖြစ်သည်။ 

သင်သည် ဒေသတစ်ခုခုတွင် ယာယီနေထိုင်သူဖြစ်ပြီး၊ ရက်ပေါင်း (၁၈၀)အထက် ကျော်လွန် နေထိုင်ပြီးပါက၊ သင်၏မွေးရပ်မြေ (မဲစာရင်းပါ မဲဆန္ဒနယ်)တွင် ပြန်လည်သွားရောက်ကာ မဲပေးခြင်းထက် သင်ယခု အလုပ်လုပ်နေသော/နေထိုင်သော မဲဆန္ဒနယ်တွင် မဲပေးချင်လျင် ရပ်/ကျေး ကော်မရှင်ခွဲ ရုံးသိုု့ ပုံစံ (၃-က)ဖြင့် လျှောက်ထားနိုင်သည်။ အလုပ်ရှင်၏ ထောက်ခံစာပါ ပူးတွဲ တင်ပြရပါမည်။
အထူးသတိပြုရန်မှာ- သင်၏မူလ မဲဆန္ဒနယ်မြေရှိ လစ်လပ်လွှတ်တော်အမျိုးအစားနှင့် ပုံစံ (၃-က) ဖြင့် လျှောက်ထားမဲပေးမည့် မဲဆန္ဒနယ်ရှိ လစ်လပ်လွှတ်တော်အမျိုးအစားတို့မှာ တူညီရန် လိုအပ်သည်။
ဒုတိယနည်းမှာ သင်သည် အမြဲတမ်းနေထိုင်သူဖြစ်ပြီး၊ မဲဆန္ဒရှင်စာရင်းတွင် သင့်အမည်မပါရှိပါက ပုံစံ(၃)ဖြင့်လျှောက်ထားနိုင်သည်။ သင်၏ အမည်သည် ကြားဖြတ်ရွေးကောက်ပွဲရှိသော မဲဆန္ဒနယ် နှစ်နယ်ရှိ မဲစာရင်းနှစ်ခုတွင် တစ်ပြိုင်တည်း ပါဝင်နေပါက သင်ဆန္ဒမဲပေးလိုသည့် မဲဆန္ဒနယ်တွင် မဲပေးပိုင်ခွင့်ရှိသည်။ သို့သော် သင်မဲမပေးလိုသည့် မဲဆန္ဒနယ်ရှိ သက်ဆိုင်ရာ ရပ်/ကျေး ကော်မရှင်အဖွဲ့ခွဲရုံးသို့ သင်၏အမည်အား မဲစာရင်းမှ ပယ်ဖျက်ပေးရန် ပုံစံ(၄-က)ဖြင့် တောင်းဆိုရမည်။ ထိုရပ်/ကျေးကော်မရှင်အဖွဲ့ခွဲရုံးမှ ပုံစံ(၄-ခ)ကို ပြန်လည်တောင်းယူပြီး သင်မဲပေးလိုသည့် မဲဆန္ဒနယ်ရှိ သက်ဆိုင်ရာ ရပ်/ကျေးကော်မရှင်အဖွဲ့ခွဲရုံးတွင် သက်သေခံအဖြစ် ပူးတွဲတင်ပြ၍ တောင်းဆိုရ မည်။ 
",,,2017ByElection
VoterList,182,Open-ended,မဲဆန္ဒရှင်စာရင်းကို မည်သည့်အချိန်တွင် ကပ်ထားကြေညာမည်နည်း။,ကြားဖြတ်ရွေးကောက်ပွဲ ကျင်းပမည့် မဲဆန္ဒနယ်တိုင်းတွင် မဲဆန္ဒရှင်စာရင်းများကို ၂၀၁၇ခုနှစ် ဖေဖော်ဝါရီလ (၁) ရက်နေ့ မှ (၁၄)ရက်နေ့အထိ ကပ်ထားကြေညာသွားမည် ဖြစ်သည်။ ,,,2017ByElection
VoterList,183,Yes/No,မဲဆန္ဒရှင်စာရင်းဝက်ဆိုဒ်သည်အသုံးပြုရန်အဆင်သင့်ဖြစ်ပါသလား။,"အဆင်သင့်ဖြစ်ပါသည်။ သင်၏အမည် မဲစာရင်းတွင်ပါသည်၊ မပါသည်ကို မဲဆန္ဒရှင်စာရင်းစတင် ကြေညာပြီး ကပ်ထားသည့် အချိန်မှစ၍ ကြည့်ရှု စစ်ဆေးနိုင်ပါသည်။ သို့ရာတွင် မဲဆန္ဒရှင် စာရင်းများကို ပြန်လည်ပြင်ဆင်ချင်ပါက သင်၏သက်ဆိုင်ရာ  ရပ်/ကျေးကော်မရှင်ခွဲသို့ အကြောင်းကြားရမည်ဖြစ်သည်။ 
ဝက်ဆိုဒ်လိပ်စာကိုအောက်တွင်ဖော်ပြထားပါသည်။ https://checkvoterlist.uecmyanmar.org ",,,2017ByElection
VoterList,184,Open-ended,မဲဆန္ဒရှင်စာရင်းများကိုမည်သည့်ပုံစံအလိုက်ဖော်ပြမည်နည်း။ ,မဲဆန္ဒရှင်စာရင်းများကို အိမ်ထောင်စုစာရင်းများအလိုက် မဲရုံတိုင်းတွင် ဖော်ပြပေးထားပါမည်။ သင်၏ အမည်ကို မဲဆန္ဒရှင်စာရင်းတွင် ရှာဖွေရာတွင် အိမ်နံပါတ်၊ လမ်းနံပါတ်အလိုက် ရှာဖွေနိုင်ပါသည်။ ,,,2017ByElection
VoterList,185,Open-ended,မိမိအနေဖြင့် ကြိုတင်မဲပေးခြင်းကို မည်ကဲ့သို့လုပ်ဆောင်နိုင်ပါသနည်း။ ,"ပြည်ထောင်စုရွေးကောက်ပွဲကော်မရှင်သည် ယခုလာမည့် ကြားဖြတ်ရွေးကောက်ပွဲ ကျင်းပမည့် နေရာများတွင် မဲဆန္ဒနယ်အတွင်း ကြိုတင်မဲပေးခြင်း နှင့် မဲဆန္ဒနယ်ပြင်ပ ကြိုတင်မဲပေးခြင်းများကို ပြုလုပ်သွားမည် ဖြစ်သည်။ မဲဆန္ဒနယ်အတွင်း ကြိုတင်မဲပေးမည့်သူများမှာ ရွေးကောက်ပွဲမတိုင်မီ ရပ်/ကျေးကော်ခွဲရုံးတွင် ဆန္ဒမဲပေးနိုင်ပြီး၊ မည်သည့်ရက်တွင် စတင် မဲပေးနိုင်သည်ကို သတ်မှတ် ကြေညာပေးသွားမည်ဖြစ်သည်။
မဲဆန္ဒနယ်ပြင်ပရောက် ကြိုတင်မဲပေးမည့်သူများမှာ ပုံစံ (၁၅)ဖြင့် စာရင်းပေးသွင်းရမည် ဖြစ်သည်။ ပြီးနောက် မြို့နယ်ရွေးကောက်ပွဲကော်မရှင်က စိစစ်ပြီး ကြိုတင်မဲလက်မှတ်ကို စာအိတ်ထဲတွင် ထည့်၍ သက်ဆိုင်ရာကြိုတင်မဲပေးမည့် နေရာများသို့ ပို့ဆောင်ပေးမည် ဖြစ်သည်။ ",,,2017ByElection
VoterList,186,Open-ended,မည်သည့် မဲရုံသို့  မည်သည့်အချိန်တွင် သွားရောက်မဲပေးရမည်နည်း။ ,သင်၏ မဲစာရင်းကို အခြေခံပြီး၊ မဲရုံနံပါတ်နှင့် မဲရုံတည်နေရာကို ရွေးကောက်ပွဲနေ့ မတိုင်ခင် (၁၅) ရက်အလိုတွင် အသိပေး အကြောင်းကြားသွားမည် ဖြစ်သည်။ သင်၏မဲစာရင်းသည် သင့်နေအိမ်နှင့် အနီးဆုံးသော မဲရုံရှိ မဲဆန္ဒရှင်စာရင်းတွင် ပါရှိမည်ဖြစ်သည်။ ,,,2017ByElection
ElectionGeneral,187,Open-ended,ကြားဖြတ်ရွေးကောက်ပွဲဆိုသည်မှာအဘယ်နည်း။,မြန်မာနိုင်ငံရှိဥပဒေပြု လွှတ်တော်(၃)ရပ်တွင်ရွေးကောက်ပွဲကြီးပြီးနောက်လစ်လပ်သွားသောနေရာများအတွက် ကြားဖြတ်ရွေးကောက်ပွဲများကျင်းပကာကိုယ်စားလှယ်များပြန်လည်ရွေးကောက်တင်မြှောက်ရခြင်းဖြစ်သည်။ ၂၀၁၆ခုနှစ် သြဂုတ်လနှောင်းပိုင်းတွင် လွှတ်တော်(၃)ရပ်အတွင်းလစ်လပ်နေရာစုစုပေါင်း(၁၉)နေရာရှိခဲ့သည်။ ထိုသို့ လစ်လပ်နေရာများဖြစ်လာရခြင်းအကြောင်းအရင်းများမှာ၂၀၁၅ခုနှစ် ရွေးကောက်ပွဲအတွင်းရွေးကောက်တင် မြှောက်ခံခဲ့ရသောလွှတ်တော်ကိုယ်စားလှယ်များမှ အချို့သည်အုပ်ချုပ်ရေးမဏ္ဍိုင်တွင် တာဝန်ခန့်အပ်ခံရခြင်းနှင့် အချို့မှာကွယ်လွန်သွားခြင်းတို့ကြောင့်ဖြစ်သည်။ ထို့အပြင်၂၀၁၅ရွေးကောက်ပွဲအတွင်းလုံခြုံရေးအခြေအနေအရရွေးကောက်ပွဲမကျင်းပနိုင်ခဲ့သောရှမ်းပြည်နယ်ရှိမိုင်းရှုးမြို့နယ် နှင့် ကျေးသီးမြို့နယ်တို့တွင် ကြားဖြတ်ရွေးကောက်ပွဲမှတစ်ဆင့် ကိုယ်စားလှယ်များကိုရွေးကောက်တင်မြှောက်သွားမည်ဖြစ်သည်။ ,,,2017ByElection
ElectionGeneral,188,Open-ended,ကြားဖြတ်ရွေးကောက်ပွဲကိုမည်သည့်အချိန်တွင်ကျင်းပသနည်း။,ပြည်ထောင်စုရွေးကောက်ပွဲကော်မရှင်၏ကြေညာချက်အရ ကြားဖြတ်ရွေးကောက်ပွဲကို၂၀၁၇ခုနှစ် ဧပြီလ(၁)ရက်နေ့တွင်ကျင်းပပြုလုပ်သွားမည်ဖြစ်ပါသည်။,,,2017ByElection
ElectionGeneral,189,Open-ended,ကြားဖြတ်ရွေးကောက်ပွဲကိုမည်သည့်နေရာဒေသများတွင်ကျင်းပမည်နည်း။,စုစုပေါင်းလစ်လပ်သောနေရာ(၁၉)နေရာကိုတိုင်းဒေသကြီး/ပြည်နယ်(၈)ခုမှ (၂၂)မြို့နယ်တွင်ကျင်းပသွားမည်ဖြစ်သည်။ကြားဖြတ်ရွေးကောက်ပွဲကျင်းပမည့်လွှတ်တော်အလိုက်လစ်လပ်သောနေရာအရေအတွက်မှာပြည်သူ့လွှတ်တော်၌ (၉)နေရာ၊ အမျိုးသားလွှတ်တော်၌ (၃)နေရာ၊ တိုင်းဒေသကြီးလွှတ်တော်၌ (၇)ေေနေရာရှိပါသည်။ ကြားဖြတ်ရွေးကောက်ပွဲကျင်းပမည့်နေရာဒေသများကိုအောက်ဖော်ပြပါဇယားကွက်တွင် ကြည့်ရှု နိုင်ပါသည်။,,,2017ByElection
ElectionGeneral,190,Open-ended,မည်သည့်အကြောင်းအရင်းကြောင့်ကြားဖြတ်ရွေးကောက်ပွဲကိုတစ်ချို့နေရာတွေမှာကျင်းပပြီး၊ တစ်ချို့နေရာတွေမှာမကျင်းပသနည်း။,ကြားဖြတ်ရွေးကောက်ပွဲဆိုသည်မှာလစ်လပ်သွားသောနေရာများကို ဖြည့်စွက်ရန်သာကျင်းပသောကြောင့်တစ်နိုင်ငံလုံးအတိုင်းအတာနှင့် ကျင်းပရန် မလိုအပ်ပေ။၂၀၁၅ခုနှစ်တွင်လုံခြုံရေးအခြေအနေအရရွေးကောက်ပွဲမကျင်းပနိုင်ခဲ့သောနေရာဒေသအကုန်လုံးတွင်လည်းကြားဖြတ်ရွေးကောက်ပွဲပြုလုပ်မည်မဟုတ်ဘဲ၊ ပြည်ထောင်စုရွေးကောက်ပွဲကော်မရှင်မှကြေညာပြီးဖြစ်သည့်မိုင်းရှုးနှင့်ကျေးသီးမြို့များတွင်သာကျင်းပပြုလုပ်မည် ဖြစ်သည်။ကျန်နေရာဒေသများတွင်မူလုံခြုံရေးအရ ကြားဖြတ်ရွေးကောက်ပွဲများကျင်းပပြုလုပ်မည်မဟုတ်ပေ။,,,2017ByElection
ElectionGeneral,191,Yes/No,ကြားဖြတ်ရွေးကောက်ပွဲတွင်မည်သူမဆိုမဲပေးနိုင်ပါသလား။,ကြားဖြတ်ရွေးကောက်ပွဲတွင်မဲပေးမည့်သူများမှာ ကြားဖြတ်ရွေးကောက်ပွဲကျင်းပမည့်မိမိသက်ဆိုင်ရာမဲဆန္ဒနယ်၏မဲစာရင်းတွင် ပါဝင်သူ ဖြစ်ရပါမည်။ သတ်မှတ်ထားသောစည်းမျဉ်းများစံချိန်စံနှုန်းများနှင့်အညီမဲပေးခွင့်ရှိသူများသည်ယာယီဖြစ်စေ၊ အမြဲတမ်းဖြစ်စေမဲစာရင်းတွင်ပါဝင်ရန်တောင်းဆိုနိုင်သည်။မဲစာရင်းနှင့်ပတ်သတ်သောအမေးအဖြေများကိုမဲစာရင်းပြုစုခြင်းအမေးအဖြေကဏ္ဍတွင်ပိုမိုအသေးစိတ်လေ့လာနိုင်ပါသည်။,,,2017ByElection
ElectionGeneral,192,Open-ended,မည်သည့်နေရာတွင်မဲပေးရမည်နည်း။,ကြားဖြတ်ရွေးကောက်ပွဲကျင်းပမည့်မဲဆန္ဒနယ်များတွင်မဲရုံများဖွင့်လှစ်ထားရှိမည်ဖြစ်သည်။ မဲစာရင်းများကြေညာပြီးကပ်ထားချိန်တွင်လည်းထိုမဲစာရင်းတွင်မဲရုံများ၏တည်နေရာများပါရှိမည်ဖြစ်သည်။ မဲစာရင်းများကို ၂၀၁၇ခုနှစ်ဖေဖော်ဝါရီလ(၁)ရက်နေ့မှ (၁၄)ရက်နေ့အထိကပ်ထားကြေညာမည်ဖြစ်သည်။ မဲဆန္ဒရှင်များမှလည်း၎င်းတို့နှင့်သက်ဆိုင်သောမဲရုံ၏တည်နေရာများကိုရပ်/ကျေးရွေးကောက်ပွဲကော်မရှင်အဖွဲ့ခွဲများသို့ဆက်သွယ်မေးမြန်းနိုင်ပါသည်။ ,,,2017ByElection
ElectionGeneral,193,Yes/No,ကြားဖြတ်ရွေးကောက်ပွဲတွင် ကြိုတင်မဲပေးခြင်းများပါရှိပါသလား။,"ပါရှိပါသည်၊ မဲပေးပိုင်ခွင့်ရှိသူမဲဆန္ဒရှင်များအနေဖြင့်မိမိတို့၏သက်ဆိုင်ရာမဲဆန္ဒနယ်အတွင်း၌ဖြစ်စေ၊ မဲဆန္ဒနယ်ပြင်ပ၌ ဖြစ်စေကြိုတင်မဲပေးသည့်လုပ်ငန်းစဉ်များအတိုင်းမဲပေးနိုင်ပါသည်။ မဲဆန္ဒနယ်အတွင်းရှိကြိုတင်မဲပေးခြင်းများကိုရွေးကောက်ပွဲနေ့မတိုင်ခင်နှစ်ရက်ကြိုတင် မဲပေးနိုင်မည် ဖြစ်သည်။
မဲဆန္ဒနယ် ပြင်ပရောက်ကြိုတင်မဲပေးမည့်သူများမှာပုံစံ(၁၅)ဖြင့်စာရင်းပေးသွင်းရမည် ဖြစ်သည်။ပြီးနောက်မြို့နယ်ရွေးကောက်ပွဲကော်မရှင်မှစီစစ်ပြီး ကြိုတင်မဲလက်မှတ်ကိုစာအိတ်ထဲတွင်ထည့်၍သက်ဆိုင်ရာ ကြိုတင်မဲပေးမည့်နေရာသို့ပို့ဆောင်ပေးမည်ဖြစ်သည်။ ",,,2017ByElection
ElectionGeneral,194,Yes/No,ကြားဖြတ်ရွေးကောက်ပွဲတွင်မဲဆန္ဒရှင်များမှပေးသောနိုင်ငံပြင်ပရောက်မဲပေးခြင်းများပါရှိပါသလား။,ပါရှိပါသည်၊ ကြားဖြတ်ရွေးကောက်ပွဲကျင်းပမည့်မဲဆန္ဒနယ်မဲစာရင်းတွင်ပါရှိသောမဲဆန္ဒရှင်များသည် နိုင်ငံပြင်ပရောက်မဲပေးခြင်းလုပ်ငန်းစဉ်အတိုင်းမဲပေးခွင့်ရှိပါသည်။ မဲစာရင်းတွင်ပါရှိသောမဲဆန္ဒရှင်များသည် နိုင်ငံပြင်ပရောက်မဲပေးသူအနေဖြင့်နီးစပ်ရာ မြန်မာသံရုံးများတွင် နိုဝင်ဘာ(၁၅)ရက်နေ့မှ ဒီဇင်ဘာ(၅)ရက်နေ့အထိပုံစံ(၁၅)ကိုဖြည့်စွက်၍စာရင်းပေးရမည်ဖြစ်သည်။,,,2017ByElection
ElectionGeneral,195,Open-ended,မဲဆွယ်စည်းရုံးခြင်းကာလမှာမည်သည့်အချိန်တွင် စတင်ကာမည်မျှကြာမြင့်မည်နည်း။,မဲဆွယ်စည်းရုံးခြင်းကာလမှာရက်ပေါင်း(၆၀) ကြာမြင့်မည်ဖြစ်ပြီး၊ ၂၀၁၇ခုနှစ်ဇန်နဝါရီလ(၃၀)ရက်နေ့မှစတင်၍မတ်လ(၃၀)ရက်နေ့တွင်အဆုံးသတ်မည်ဖြစ်သည်။ ,,,2017ByElection
ElectionGeneral,196,Yes/No,မဲပေးခြင်းစနစ်များမှာတူညီပါသလား။,၂၀၁၇ခုနှစ် ကြားဖြတ်ရွေးကောက်ပွဲတွင်အသုံးပြုမည့်မဲပေးနည်းစနစ်များမှာ ၂၀၁၅ခုနှစ်ရွေးကောက်ပွဲအတွင်းအသုံးပြုခဲ့သည့် မဲပေးနည်းစနစ်များအတိုင်းပင် ဖြစ်သည်။ ,,,2017ByElection
ElectionGeneral,197,Open-ended,ရွေးကောက်ပွဲရလာဒ်များကိုမည်ကဲ့သို့ကြေငြာမည်နည်း။,မဲရုံများနှင့်မြို့နယ်ရွေးကောက်ပွဲကော်မရှင်ခွဲများမှမဲများကိုပေါင်းစည်းရေတွက်ပြီးနောက် အတည်ပြုကာ ပြည်နယ်နှင့်တိုင်းဒေသကြီးအဆင့်များတွင်ကြေညာသွားမည် ဖြစ်သည်။ ,,,2017ByElection
CampaignFinance,198,Open-ended,ရွေးကောက်ပွဲကုန်ကျစရိတ်နှင့်စပ်လျဉ်း၍ ကိုယ်စားလှယ်လောင်းများက မည်သည်တို့ကိုလိုက်နာရသလဲ?,ကိုယ်စားလှယ်လောင်းများ သို့မဟုတ် ၎င်းတို့၏ရွေးကောက်ပွဲကိုယ်စားလှယ်များသည် ငွေစာရင်း စာအုပ်များ ထားရှိရန်နှင့် ငွေစာရင်းရှင်းတမ်းများကို အစီရင်ခံတင်ပြရန် ဥပဒေအရ တာဝန်ရှိပါသည်။ (ပုံစံ - ၂၀၊နည်း - ၇၇),,,2017ByElection
CampaignFinance,199,Open-ended,ကိုယ်စားလှယ်လောင်းများ၏ငွေစာရင်းစာအုပ်များတွင် မည်သည့် အချက်အလက်များ ပါဝင်ရမှာလဲ?,ရွေးကောက်ပွဲကိုယ်စားလှယ်များသည် အောက်ဖော်ပြပါအချက်အလက်များပါဝင်သော ငွေစာရင်းစာအုပ်များကို စနစ်တကျ ပြုစုထိန်းသိမ်းရမည်။ ရွေးကောက်ပွဲနှင့်သက်ဆိုင်သောကုန်ကျစရိတ်များ၊ ကိုယ်စားလှယ်လောင်း၏ ကိုယ်ပိုင်အရင်း အမြစ်များ၊ ပြည်တွင်းတွင်ရှိသောမြန်မာနိုင်ငံသားများလှူဒါန်းသောငွေကြေး (သို့မဟုတ်) ငွေကြေးကဲ့သို့ တန်ဖိုး ရှိသော အရာများ၊ မြန်မာနိုင်ငံတွင် မှတ်ပုံတင်ထားသော ကုမ္ပဏီ (သို့မဟုတ်) ကုမ္ပဏီအစုအဖွဲ့များမှ လှူဒါန်းသော ငွေကြေး သို့မဟုတ် ငွေကြေးကဲ့သို့ တန်ဖိုးရှိသော အရာများ၊ ကိုယ်စားလှယ်လောင်းများ၏ နိုင်ငံရေးပါတီမှ လက်ခံရရှိသည့်ထောက်ပံ့မှုများ၊ ပေးချေရန်ကျန်ရှိသော ကြွေးမြီများ၊ လှူဒါန်းမှုအားလုံးအား တရားဝင် လက်ခံရရှိရမည်ဖြစ်ပါသည်။,,,2017ByElection
CampaignFinance,200,Open-ended,ကိုယ်စားလှယ်လောင်းများသည် မည်သည့်အချိန်မှစတင်၍ ငွေစာရင်းစာအုပ်များအားပြုစုထိန်းသိမ်းရမှာလဲ?,မဲဆွယ်စည်းရုံးရေးကာလအဖြစ် တရားဝင်ကြေငြာထားသည့်စက်တင်ဘာလ ၈ ရက်နေ့မှစတင်၍ ငွေစာရင်း စာအုပ်များပြုစုထိန်းသိမ်းခြင်းကို စတင်ဆောင်ရွက်ရမှာဖြစ်ပြီး အဆိုပါမဲဆွယ်စည်းရုံးရေးကာလမှာ ရက်ပေါင်း ၆၀ ကြာမြင့်မည်ဖြစ်သည်။,,,2017ByElection
CampaignFinance,201,Yes/No,ရွေးကောက်ပွဲကုန်ကျစရိတ်ဆိုင်ရာအစီရင်ခံစာများကို လွှတ်တော်ကိုယ်စားလှယ်လောင်းများက တင်ပြရပါ မည်လား?,တင်ပြရပါမည်။ ကိုယ်စားလှယ်လောင်းများ (သို့မဟုတ်)၎င်းတို့၏ရွေးကောက်ပွဲကိုယ်စားလှယ်များသည် ပုံစံ (၂၀) ကိုဖြည့်စွက်ပြီး မူရင်းတစ်စုံနှင့်မိတ္တူတစ်စုံအား သက်ဆိုင်ရာ ပြည်ထောင်စုနယ်မြေ ရွေးကောက်ပွဲ ကော်မရှင် အဖွဲ့ခွဲ၊ ကိုယ်ပိုင်အုပ်ချုပ်ခွင့်ရဒေသ ရွေးကောက်ပွဲကော်မရှင် အဖွဲ့ခွဲ၊ခရိုင်ရွေးကောက်ပွဲ ကော်မရှင်အဖွဲ့ခွဲများသို့ တင်ပြရန် လိုအပ်ပါသည်။ ရွေးကောက်တင်မြှောက်ခံရသည်ဖြစ်စေ ဤတာဝန်သည် ကိုယ်စားလှယ်လောင်များ အားလုံး အတွက်အကျုံးဝင်ပါသည်။,,,2017ByElection
CampaignFinance,202,Open-ended,ပုံစံ (၂၀) တွင်မည်သည့်အချက်အလက်များပါဝင်ရပါမည်လဲ?," ပုံစံ (၂၀) တွင် တည်းခိုနေထိုင်စရိတ်နှင့် ခရီးစရိတ်များ၊ ရုံးဝန်ထမ်းများ၊ စာရေးများနှင့် ရွေးကောက်ပွဲ ကိုယ်စားလှယ်များကို ပေးသောခရီးစရိတ်များနှင့် လစာငွေများ၊ ပုံနှိပ်ထုတ်ဝေခြင်းနှင့် ပုံနှိပ်ခြင်း ကုန်ကျစရိတ်များ၊ ကြော်ငြာစာရိတ်များ၊ စာရေးကိရိယာများနှင့် ရုံးသုံးပစ္စည်းကုန်ကျစရိတ်များ၊ ဆက်သွယ်ရေး ကုန်ကျစရိတ်များ၊ မဲဆွယ်စည်းရုံးပွဲ ကုန်ကျစရိတ်များ၊ မော်တော်ယာဉ်ငှားရမ်းခြင်းနှင့် အခြားသောရွေးကောက်ပွဲ နှင့် သက်ဆိုင်သည့်ကုန်ကျစရိတ်များ စသည်ဖြင့်ရွေးကောက်ပွဲဆိုင်ရာ အသုံးစရိတ်များနှင့် လှူဒါန်းမှုများကို အမျိုးအစားအလိုက် ခွဲခြားဖော်ပြထားသည့် စာရင်းပါရှိရပါမည်။ ထို့အပြင်ပုံစံ (၂၀) တွင် မြို့နယ်အဆင့် တရားသူကြီး သို့မဟုတ် ထို့ထက် အဆင့်မြင့်သော တရားသူကြီးရှေ့မှောက်တွင် ပြုလုပ်ထားသော ကိုယ်စား လှယ်လောင်း သို့မဟုတ် ရွေးကောက်ပွဲကိုယ်စားလှယ်၏ ကျမ်းကျိန်လွှာ ပူးတွဲ ပါရှိရပါမည်။
ကိုယ်စားလှယ်လောင်း သို့မဟုတ် ရွေးကောက်ပွဲကိုယ်စားလှယ်မှ လက်ခံရရှိသော လှူဒါန်းမှုအသီးသီးတွင် အောက်ပါ အချက်အလက်များပါရှိရပါမည်။ လှူဒါန်းသူ၏ အမည်နှင့် ရာထူး သို့မဟုတ် အလုပ်အကိုင် ၊ လက်ခံရရှိသော လှူဒါန်းငွေပမာဏ သို့မဟုတ် ခန့်မှန်းခြေတန်ဖိုး ၊ လှူဒါန်းမှုကို လက်ခံရရှိသည်နေ့စွဲ။ အသုံးစရိတ်အသီးသီးအတွက် အောက်ပါအချက်အလက်များပါရှိရပါမည်။ လက်ခံရရှိသူအမည်၊ အသုံးစရိတ်အကြောင်းအရာဖော်ပြချက်၊ သုံးစွဲရခြင်းအကြောင်းအရင်းဖော်ပြချက်၊ သုံးစွဲသည့်နေ့စွဲ၊ လက်ခံဖြတ်ပိုင်းနံပါတ်၊ ပေးချေသောငွေပမာဏ။ မြန်မာကျပ်ငွေ ၅၀ဝ ထက်ကျော်လွန်သော အသုံးစရိတ်များအတွက် လက်ခံဖြတ်ပိုင်းပူးတွဲပါရှိရပါမည်။ မြန်မာကျပ်ငွေ ၅၀ဝ ထက်လျော့နည်းသော အသုံးစရိတ်များအတွက် မူ သုံးစွဲသူကိုယ်တိုင် လက်မှတ်ထိုးထား သော စာရွက်ကို တင်ပြရပါမည်။ လက်ခံဖြတ်ပိုင်းအသီးသီးကို နေ့စွဲအလိုက်အမှတ်စဉ်တပ်၍ စီထားရပါမည်။",,,2017ByElection
CampaignFinance,203,Open-ended,ပုံစံ (၂၀) တင်သွင်းရန်သတ်မှတ်ထားသော နောက်ဆုံးအချိန်သည်မည်သည့် အချိန်ဖြစ်ပါသလဲ?,ပုံစံ (၂၀) ကို ယင်းမဲဆန္ဒနယ်အတွက် ရွေးကောက်ပွဲရလဒ်များကြေငြာသည့်နေ့မှရက် ၃၀ အတွင်း သက်ဆိုင်ရာ ကော်မရှင်အဖွဲ့ခွဲသို့တင်သွင်းရမည်ဖြစ်ပါသည်။,,,2017ByElection
CampaignFinance,204,Open-ended,ရွေးကောက်ပွဲကုန်ကျစရိတ်နှင့်စပ်လျဉ်း၍ ရွေးကောက်ပွဲကိုယ်စားလှယ်တစ်ဦး၏ တာဝန်များမှာ မည်သည်တို့ ဖြစ်ပါသလဲ?,ရွေးကောက်ပွဲ ကိုယ်စားလှယ်အသီးသီးသည် ကိုယ်စားလှယ်လောင်းကိုယ်စား ငွေစာရင်းစာအုပ်များ ပြုစု ထိန်းသိမ်းရန် (မေးခွန်း-၂ တွင်ကြည့်ပါ။)၊ ရွေးကောက်ပွဲအသုံးစရိတ်များကိုပေးချေရန်နှင့်ပုံစံ(၂၀) ကိုတင်ပြရန် (မေးခွန်း-၄ တွင်ကြည့်ပါ။) တာဝန်ရှိပါသည်။,,,2017ByElection
CampaignFinance,205,Yes/No,ကိုယ်စားလှယ်လောင်းများ၏ ရွေးကောက်ပွဲကုန်ကျစရိတ်များကို ပုံနှိပ်ထုတ်ဝေခြင်း (သို့မဟုတ်) အများ ပြည်သူသို့ ထုတ်ပြန်ကြေငြာခြင်းများ ပြုလုပ်ရမည်လား?,လုပ်ရပါမည်။ ရွေးကောက်ပွဲကုန်ကျစရိတ်များ (ပုံစံ-၂၀) အားကိုယ်စားလှယ်လောင်းများမှ တင်သွင်းပြီး ၂ရက်အတွင်း သက်ဆိုင်ရာရွေးကောက်ပွဲကော်မရှင်အဖွဲ့ခွဲသည် အဆိုပါ ပုံစံ-၂၀ များအားအများ ပြည်သူကြည့်ရှု စစ်ဆေးနိုင်ရန် ၎င်းတို့၏ရုံး၌ ကြေညာစာဖြင့်ကပ်ထားကြေညာမည်ဖြစ်ပါသည်။ အဆိုပါကပ်ထားကြေညာသည့် ပုံစံ-၂၀ များအား မည်သူမဆို အခမဲ့ကြည့်ရှုနိုင်သည်။ မည်သည့်မဲဆန္ဒရှင်မဆို ယင်းရွေးကောက်ပွဲကုန်ကျစရိတ် မိတ္တူကို ကူးယူလိုပါက တစ်မျက်နှာလျှင် ၁၀ဝ၀ ကျပ်နှုန်းဖြင့်ရယူနိုင်ပါသည်။,,,2017ByElection
CampaignFinance,206,Open-ended,ပုံစံ(၂၀) ကို တင်သွင်းပြီးလျှင် ဘာဆက်ဖြစ်မလဲ?,သက်ဆိုင်ရာ ရွေးကောက်ပွဲကော်မရှင်အဖွဲ့ခွဲသည် ပုံစံ(၂၀) တင်သွင်းသည့်ရက်၊ ပုံစံ(၂၀) တင်သွင်းရမည့် နောက်ဆုံးနေ့ရက်အတွင်း တင်သွင်းခြင်းရှိ/မရှိနှင့် သတ်မှတ်ထားသော နည်းလမ်းများအတိုင်း တင်သွင်းခြင်းရှိ /မရှိ တို့ကို မှတ်တမ်းတင်ထားရမည်။,,,2017ByElection
CampaignFinance,207,Open-ended,ကိုယ်စားလှယ်လောင်းသည် ပုံစံ (၂၀)ကိုတင်သွင်းခြင်းမပြုလျှင် မည်ကဲ့သို့ဖြစ်ပါမည်လဲ?,"ပုံစံ (၂၀) တင်သွင်းရမည့် နောက်ဆုံးနေ့ရက် ကုန်ဆုံးပြီးနောက် တင်သွင်းရန်ပျက်ကွက်သော ကိုယ်စား လှယ်လောင်း များစာရင်းကို သက်ဆိုင်ရာကော်မရှင်အဖွဲ့ခွဲသည် ပြည်ထောင်စုရွေးကောက်ပွဲကော်မရှင်သို့(၇) ရက်အတွင်းအစီရင်ခံတင်ပြရမည်ဖြစ်သည်။ ဤအစီရင်ခံစာတွင် ရွေးကောက်ပွဲတွင် ဝင်ရောက်ယှဉ်ပြိုင်သော ကိုယ်စားလှယ်များ၏ အမည်စာရင်း၊ ပုံစံ(၂၀) တင်သွင်းသော ကိုယ်စားလှယ်လောင်းများ၏ အမည်စာရင်းနှင့် ပုံစံ(၂၀)တင်သွင်းရန်ပျက်ကွက်သောကိုယ်စားလှယ်လောင်းများ၏ အမည်စာရင်း၊ ပုံစံများကိုတင်သွင်းခဲ့သည့် နေ့စွဲနှင့်အချိန်အပါအဝင် ထိုပုံစံများကို သတ်မှတ်ထားသည့်အတိုင်း တင်သွင်းခဲ့ခြင်းရှိမရှိတို့ ပါဝင်ရမည် ဖြစ်ပါသည်။ 
အရည်အချင်းပျက်ယွင်းမှုရှိမရှိ ဆုံးဖြတ်ချက်ချရန်  ပြည်ထောင်စုရွေးကောက်ပွဲကော်မရှင်မှ ခုံရုံးအဖွဲ့တစ်ခု ဖွဲ့စည်းရမည်ဖြစ်ပါသည်။ ကိုယ်စားလှယ်လောင်းသည် မမှန်ကန်သော၊ ပြည့်စုံမှုမရှိသောတင်ပြချက်များကို ရည်ရွယ်ချက်ရှိရှိပြုလုပ်ခဲ့ကြောင်း တွေ့ရှိရပါက ထိုကိုယ်စားလှယ်လောင်းအား အရည်အချင်းပျက်ယွင်းသည်ဟု ဆုံးဖြတ်မည် ဖြစ်ပါသည်။ အရည်အချင်းပျက်ယွင်းသည်ဟု သတ်မှတ်ခြင်းခံရသောကိုယ်စားလှယ်လောင်းအား လက်ရှိလွှတ်တော် သက်တမ်းကာလဖြစ်သည့် ၅ နှစ်အတွင်းကျင်းပမည့်ရွေးကောက်ပွဲများ (ကြားဖြတ်) တွင် ဝင်ရောက် ယှဉ်ပြိုင်ခွင့် မပြုပါ။",,,2017ByElection
CampaignFinance,208,Open-ended,ကိုယ်စားလှယ်လောင်းတစ်ဦးသည် အရည်အချင်းပျက်ယွင်းသည်ဟု သက်ဆိုင်ရာ ရွေးကောက်ပွဲကော်မရှင် အဖွဲ့ခွဲက သတ်မှတ်ကြောင်းကို အဆိုပါ ကိုယ်စားလှယ်လောင်းအနေဖြင့်မည်ကဲ့သို့ သိရှိနိုင်သလဲ?,သက်ဆိုင်ရာရွေးကောက်ပွဲကော်မရှင်အဖွဲ့ခွဲသည် ပုံစံ (၂၀) တင်သွင်းရန်ပျက်ကွက်၍ အရည်အချင်း ပျက်ယွင်း သည်ဟုမှတ်ချက်ပြုခြင်း ခံရသည့် ကိုယ်စားလှယ်လောင်းများနှင့်၎င်းတို့၏ရွေးကောက်ပွဲကိုယ်စားလှယ်များ၏ အမည်စာရင်းပါရှိသည့် ကြော်ငြာစာကို အများပြည်သူကြည့်ရှုနိုင်သည့် နေရာတွင် ကပ်ထားရပါမည်။ ဤအစီရင်ခံစာတွင် ရွေးကောက်ပွဲတွင် ဝင်ရောက်ယှဉ်ပြိုင်သောကိုယ်စားလှယ်လောင်းများ၏ အမည်စာရင်း၊ ပုံစံ(၂၀)တင်သွင်းသောကိုယ်စားလှယ်လောင်းများ၏ အမည်စာရင်းနှင့် ပုံစံ (၂၀) တင်သွင်းရန် ပျက်ကွက်သော ကိုယ်စားလှယ်လောင်းများ အမည်စာရင်း၊ ပုံစံများကိုတင်သွင်းခဲ့သည့် နေ့စွဲနှင့်အချိန်အပါအဝင်ထိုပုံစံများကို သတ်မှတ်ထားသည့်အတိုင်းတင်သွင်းခဲ့ခြင်းရှိမရှိတို့ပါဝင်ရမည်ဖြစ်ပါသည်။,,,2017ByElection
CampaignFinance,209,Open-ended,ကိုယ်စားလှယ်လောင်းတစ်ဦးသည် အရည်အချင်းပျက်ယွင်းသည်ဟု သက်ဆိုင်ရာ ရွေးကောက်ပွဲ ကော်မရှင်အဖွဲ့ခွဲက သတ်မှတ် လိုက်လျှင် အဆိုပါ ကိုယ်စားလှယ်လောင်းအနေဖြင့် မည်သည်တို့ကိုဆက်လက်လုပ်ဆောင်နိုင်သလဲ?,အကယ်၍ကိုယ်စားလှယ်လောင်းတစ်ဦးသည် မိမိအားသက်ဆိုင်ရာ ခရိုင်ရွေးကောက်ပွဲကော်မရှင် အဖွဲ့ခွဲ၏ အစီရင်ခံစာတွင် အရည်အချင်းပျက်ယွင်းကြောင်း မှတ်ချက်ပြုထားသည်ကို တွေ့ရှိခဲ့လျှင် ထိုကိုယ်စားလှယ်လောင်း သို့မဟုတ် ၎င်း၏ ရွေးကောက်ပွဲကိုယ်စားလှယ်သည် ကြော်ငြာကပ်သည့်နေ့မှ ၁၅ရက်အတွင်း ပြည်ထောင်စုရွေးကောက်ပွဲကော်မရှင်သို့ လျှောက်လွှာ တင်ပြီးလျှင် မည့်သည့် အတွက် ကြောင့် သူ/သူမ ကိုု အရည်အချင်း ပျက်ယွင်းသူ အဖြစ် သတ်မှတ်ရန် မသင့် ကြောင်း ရှင်းပြနိုင်ပါသည်။,,,2017ByElection
CampaignFinance,210,Yes/No,ကိုယ်စားလှယ်တစ်ဦးသည် မဲဆွယ်စည်းရုံးရေးအသုံးစရိတ်သုံးစွဲရာတွင် ပြဋ္ဌာန်ထားသည့် စည်းမျဉ်း စည်းကမ်းများအား ချိုးဖောက်သည်ဆိုပါက မဲဆန္ဒရှင်တစ်ဦး (သို့မဟုတ်) အခြားကိုယ်စားလှယ်လောင်းတစ်ဦးက တိုင်ကြားနိုင်ပါသလား?,"တိုင်ကြားနိုင်ပါသည်။  မဲဆန္ဒရှင်တစ်ဦး (သို့မဟုတ်) အခြားကိုယ်စားလှယ်လောင်းတစ်ဦးမှ နေပြည်တော်ရှိ ပြည်ထောင်စုရွေးကောက်ပွဲ ကော်မရှင်ထံသို့ကိုယ်စားလှယ်လောင်း တစ်ဦးသည် ရွေးကောက်ပွဲကုန်ကျစရိတ် အတွက် ပြဋ္ဌာန်ထားသည့်စည်းမျဉ်းစည်းကမ်းများအားချိုးဖောက်ကြောင်း မဲရလာဒ်ကြေညာပြီးသည်မှ ၄၅ ရက်အတွင်းကန့်ကွက်တိုင်ကြားနိုင်ပါသည်။ (-ရွေးကောက်ပွဲအငြင်းပွားမှုများနှင့်အရေးယူခြင်းများ အကြောင်း အမေးအဖြေများ-စာအုပ်တွင်အသေးစိတ်ကြည့်ရှုနိုင်ပါသည်။) ကန့်ကွက်တိုင်ကြားချက်ကို လက်ခံရရှိပြီးနောက် ရွေးကောက်ပွဲခုံရုံးက သက်သေခံချက်များကို ကြားနာစစ်ဆေး၍ ရွေးကောက်တင်မြှောက်ခံထားရသော ကိုယ်စားလှယ်လောင်းတစ်ဦး၏ ချိုးဖောက်မှုကိုတွေ့ရှိရပါက ထိုကိုယ်စားလှယ်လောင်းအားယခု လွှတ်တော် သက်တမ်း ၅ နှစ်တာ ကာလအတွက် အရည်အချင်းပျက်ယွင်းသူဟု သတ်မှတ်မည်ဖြစ်ပြီး၊ ထိုကိုယ်စား လှယ်လောင်း ၏ ရွေးကောက်တင်မြှောက်ခြင်းခံထားရမှုအား ပျက်ပြယ်သည်ဟု ကြေငြာမည်ဖြစ်ပါသည်။
ရွေးကောက်ပွဲကုန်ကျစရိတ်ဆိုင်ရာ တရားမဲ့ပြုကျင့်မှုများတွင်အောက်ပါတို့ပါဝင်ပါသည်။ ငွေစာရင်းများကို သတ်မှတ်ထားသည့်အတိုင်းရေးမှတ်ထားရန် ပျက်ကွက်ခြင်း၊ ရွေးကောက်ပွဲအသုံးစရိတ်များသည် ဥပဒေနှင့်ကိ်ုက်ညီမှုမရှိခြင်း၊ မှားယွင်းသော စာရင်းများတင်သွင်းခြင်း",,,2017ByElection
CampaignFinance,211,Yes/No,အယူခံဝင်ခွင့်ရှိပါသလား။,ရွေးကောက်ပွဲခုံရုံး၏ ကိုယ်စားလှယ်လောင်းအရည်အချင်း ပျက်ယွင်းခြင်းနှင့် ကိုယ်စားလှယ်လောင်း၏ ရွေးကောက် တင်မြှောက်ခံရမှု ပျက်ပြယ်ခြင်းကို ထုတ်ပြန်ကြေငြာခြင်းတို့အား ရွေးကောက်ပွဲခံရုံး၏ ဆုံးဖြတ်ချက် ကို ထုတ်ပြန်သည့်နေ့မှ ၁၅ ရက်အတွင်း ပြည်ထောင်စုရွေးကောက်ပွဲကော်မရှင်ထံ အယူခံဝင်ခွင့်ရှိပါသည်။ ပြည်ထောင်စုရွေးကောက်ပွဲကော်မရှင်၏ ဆုံးဖြတ်ချက်သည်အပြီးအပြတ်ဖြစ်ပါသည်။,,,2017ByElection
CampaignFinance,212,Open-ended,ရွေးကောက်ပွဲကုန်ကျစရိတ်အတွက် ကိုယ်စားလှယ်လောင်းတစ်ဦးမှ သုံးစွဲရန်ခွင့်ပြုထားသည့်အမြင့်ဆုံး ငွေမမာဏမှာ မည်မျှဖြစ်ပါသလဲ?,ကိုယ်စားလှယ်လောင်းတစ်ဦး၏ ရွေးကောက်ပွဲကုန်ကျစရိတ်မှာ ကျပ်သိန်း ၁၀ဝ ထက်မကျော်လွန်ရပါ။ ရွေးကောက်ပွဲကုန်ကျစရိတ်သုံးစွဲမှုများအား ဥပဒေနှင့်အညီဆောင်ရွက်ခြင်းမရှိပါက တရားမဲ့ပြုကျင့်မှုဆောင်ရွက် သည်ဟု မှတ်ယူခံရမည်ဖြစ်ပါသည်။ (မေးခွန်း - ၁၃ ကို ကြည့်ပါ။),,,2017ByElection
CampaignFinance,213,Yes/No,နိုင်ငံခြားအရင်းအမြစ်များမှ လှူဒါန်းမှုများကို တားမြစ်ထားခြင်းရှိပါသလား?,တားမြစ်ထားမှုရှိပါသည်။ ကိုယ်စားလှယ်လောင်းများသည် နိုင်ငံခြားသားများ (သို့မဟုတ်) နိုင်ငံခြားရှိ ကုမ္ပဏီများ၊ ကုမ္ပဏီအစုအဖွဲ့များ၊ အဖွဲ့အစည်းများထံမှ အလှူများကို လက်ခံခွင့်မရှိပါ။,,,2017ByElection
CampaignFinance,214,Yes/No,အမည်မဖော်ပြသူများထံမှ လှူဒါန်မှုများကို လက်ခံခွင့်ရှိပါသလား?,အမည်မဖော်လိုသောလှူဒါန်းမှုများနှင့် ပတ်သတ်၍ဥပဒေအရရှင်းလင်းစွာ ပြဋ္ဌာန်းထားသောတားမြစ်ချက်များ မရှိပါ။ သို့ရာတွင်ကိုယ်စားလှယ်လောင်းများသည် ၎င်းတို့၏ ရွေးကောက်ပွဲကုန်ကျစရိတ်စာရင်းရှင်းတမ်း ပုံစံ (၂၀)တွင် လှူဒါန်းသူအမည် ပါဝင်သောလက်ခံဖြတ်ပိုင်းများကို တင်ပြရန်လိုအပ်ပြီး အဆိုပါ ပုံစံ (၂၀)အား ရွေးကောက်ပွဲရလဒ်များကြေငြာသည့်နေ့မှ ရက် ၃၀ အတွင်းသက်ဆိုင်ရာ ရွေးကောက်ပွဲကော်မရှင်အဖွဲ့ခွဲများ ထံတင်သွင်းရမည်ဖြစ်ပါသည်။ (မေးခွန်း - ၅ ကိုကြည့်ပါ။),,,2017ByElection
CampaignFinance,215,Yes/No,ဘာသာရေးအဖွဲ့အစည်းများထံမှ လှူဒါန်းမှုများကို ကိုယ်စားလှယ်လောင်းများက လက်ခံခွင့်ရှိပါသလား?,လက်ခံခွင့်မရှိပါ။ ဘာသာရေးအဖွဲ့အစည်းများထံမှ အရင်းအမြစ်များ ရယူသုံးစွဲသည့်ပုဂ္ဂဳိလ်များသည် ရွေးကောက်တင်မြှောက်ခံပိုင်ခွင့်မရှိပါ။,,,2017ByElection
CampaignFinance,216,Yes/No,ကိုယ်စားလှယ်လောင်းများသည် ၎င်းတို့၏ရွေးကောက်ပွဲကုန်ကျစရိတ်အတွက် နိုင်ငံတော်အရင်းအမြစ်များ ကို အသုံးပြုခွင့်ရှိပါသလား?,နိုင်ငံတော်အရင်းအမြစ်များကိုသုံးစွဲခွင့်မရှိပါ။နိုင်ငံတော်သို့မဟုတ် အစိုးရ၏ အရင်းအမြစ်များ (ငွေကြေး၊ မြေယာ၊ အိမ်ယာ၊ အဆောက်အဦး၊ မော်တော်ယာဉ်၊ ပစ္စည်းများ စသည်ဖြင့်) ကိုလက်ခံရယူ သုံးစွဲသူတို့သည် ရွေးကောက်တင်မြှောက်ခံပိုင်ခွင့်မရှိပါ။ (နိုင်ငံတော်မှ တရားဝင်သုံးစွဲခွင့်ပြုထားသည့် ပင်စင်၊လစာနှင့် ခံစားခွင့်မပါ) ထို့အပြင် ရွေးကောက်တင်မြှောက်ခြင်းခံရရန် ဟူသည့်ရည်ရွက်ချက်ဖြင့် မည်သည့် ပြည်သူ့ ဝန်ထမ်းများထံမှမဆို အကူအညီရယူခြင်းအားရွေးကောက်ပွဲဆိုင်ရာတရားမဲ့ပြုကျင့်မှုအဖြစ် ယူဆမည်ဖြစ်ကာ ကိုယ်စားလှယ်လောင်း၏ အရည်အချင်းပျက်ယွင်းမှုဖြစ်သွားနိုင်ပြီး အဆိုပါ ကိုယ်စားလှယ်လောင်း၏ ရွေးကောက်တင်မြှောက်ခံရခြင်းကို ပယ်ဖျက်ခြင်းခံရနိုင်ပါသည်။ (မေးခွန်း - ၁၂ တွင်ကြည့်ပါ။),,,2017ByElection
CampaignFinance,217,Yes/No,အခြားအဖွဲ့အစည်းများက ရွေးကောက်ပွဲအသုံးစရိတ်များသုံးစွဲခြင်းကို ခွင့်ပြုပါသလား?,သက်ဆိုင်ရာကိုယ်စားလှယ်လောင်း၏ ခွင့်ပြုချက်မရရှိဘဲ ကိုယ်စားလှယ်လောင်း၏ရွေးကောက်ပွဲကို ထောက်ပံ့ ပေးရန် အခြားအဖွဲ့အစည်းများက ရွေးကောက်ပွဲအသုံးစရိတ်များကို သုံးစွဲခြင်းကို ခွင့်မပြုပါ။,,,2017ByElection
CampaignFinance,218,Yes/No,ကိုယ်စားလှယ်လောင်းများသည် ကုမ္ပဏီကြီးများထံမှ လှူဒါန်းမှုများကို လက်ခံခွင့်ရှိပါသလား?,လက်ခံခွင့်ရှိပါသည်။ ပါတီများနှင့်ကိုယ်စားလှယ်လောင်းများသည် မြန်မာနိုင်ငံသားပိုင်သော အဖွဲ့အစည်းများ၊ ကုမ္ပဏီများနှင့် ကုမ္ပဏီအစုအဖွဲ့များ၏ တရားဝင်ရရှိထားသောငွေကြေးများထဲမှထံမှ လှူဒါန်းမှုများကို လက်ခံခွင့် ရှိပါသည်။,,,2017ByElection
CampaignFinance,219,Yes/No,ကိုယ်စားလှယ်လောင်းများသည် အစိုးရ၊ ဌာန အဖွဲ့အစည်းများထံမှ ရံပုံငွေများတိုက်ရိုက်ရယူခွင့်ရှိပါသလား?,မရှိပါ။ ပါတီများနှင့်ကိုယ်စားလှယ်လောင်းများအားအစိုးရ၊ဌာန အဖွဲ့အစည်းများထံမှ ရံပုံငွေများတိုက်ရိုက်ရယူခွင့် ပြုရန်ပြဋ္ဌာန်းထားသည့်ဥပဒေများမရှိပါ။,,,2017ByElection
CampaignFinance,220,Yes/No,နိုင်ငံရေးပါတီများသည် ပုံမှန်ငွေစာရင်းစာအုပ်များကို ထိန်းသိမ်းရန်လိုအပ်ပါသလား?,လိုအပ်ပါသည်။ နိုင်ငံရေးပါတီများသည် ဘဏ္ဍာရေးနှစ်အသီးသီးပြီးဆုံးပြီးနောက် ၃လ အတွင်းနှစ်ပတ်လည် ငွေစာရင်းစာအုပ်များပြုစုရန် လိုအပ်ပါသည်။ လိုအပ်သည်ဟု ယူဆလျှင် (ဥပမာ - ပါတီကို တိုင်ကြားချက်များ ရှိလျှင်) ပြည်ထောင်စုရွေးကောက်ပွဲကော်မရှင်သည် ထိုငွေစာရင်းစာအုပ်များကို ရယူ၍ စစ်ဆေးနိုင်ခွင့်ရှိပါသည်။ သို့မဟုတ် သက်ဆိုင်ရာကော်မရှင်အဖွဲ့ခွဲ့အားထိုသို့ပြုလုပ်ရန် ညွှန်ကြားခွင့်ရှိပါသည်။,,,2017ByElection
CampaignFinance,221,Open-ended,ပါတီများ၏ငွေစာရင်းစာအုပ်များတွင် မည်သည့်အချက်အလက်များပါဝင်ရပါမည်လဲ?,ပါတီမှဝယ်ယူပိုင်ဆိုင်ထားသော ရွှေ့ပြောင်းနိုင်သောပစ္စည်းများနှင့် မရွှေ့ပြောင်းနိုင်သောပစ္စည်း များ စာရင်း၊ ပါတီဝင်များထံမှ ကောက်ခံထားသောမှတ်ပုံတင်ကြေးနှင့်လစဉ်ကြေး၊ နိုင်ငံတွင်းရှိ မြန်မာနိုင်ငံသားများထံမှ လက်ခံရရှိသောလှူဒါန်းမှုများ၊ မြန်မာနိုင်ငံတွင် မှတ်ပုံတင်ထားသောအဖွဲ့အစည်းများ၊ ကုမ္ပဏီများနှင့် ကုမ္ပဏီအစုအဖွဲ့များမှ လှူဒါန်းထားသည့်ငွေကြေးသို့မဟုတ်ပစ္စည်းများ၊ နိုင်ငံရေးပါတီမှ ဝယ်ယူပိုင်ဆိုင်ထားသောပစ္စည်းများ၊ ပါတီ၏ ကိုယ်စားလှယ်လောင်းများအတွက် အသုံးပြုသောရွေးကောက်ပွဲကုန်ကျစရိတ်များ၊ မဲဆွယ်စည်းရုံးပွဲအသုံးစရိတ်များ အပါအဝင် ပါတီ၏အသုံးစရိတ်များ၊ ပါတီမှ ပိုင်ဆိုင်သော စီးပွားရေးလုပ်ငန်းများမှ ရရှိသောငွေကြေးသို့မဟုတ်အမြတ်အစွန်းများ,,,2017ByElection
CampaignFinance,222,Open-ended,နိုင်ငံရေးပါတီများအတွက်ငွေစာရင်းစာအုပ်များထိန်းသိမ်ခြင်းကိုမည်သူကတာဝန်ယူဆောင်ရွက်ရပါမည် လဲ?,ပါတီဌာနချုပ်အတွက်ဖြစ်လျှင် ပါတီဗဟိုအလုပ်အမှုဆောင်အဖွဲ့ဥက္ကဌ သို့မဟုတ် အတွင်းရေးမှူးက ငွေစာရင်း စာအုပ်များအားစနစ်တကျထိန်းသိမ်းခြင်းကို တာဝန်ယူဆောက်ရွက်ရပါမည်။ တိုင်းဒေသကြီး သို့မဟုတ် ပြည်နယ်၊ခရိုင်၊မြို့နယ်ပါတီများ အတွက်ဖြစ်လျှင် သက်ဆိုင်ရာပါတီ အလုပ်အမှုဆောင်အဖွဲ့ဥက္ကဌ သို့မဟုတ် အတွင်းရေးမှူးက ငွေစာရင်းစာအုပ်များထိန်းသိမ်းခြင်းကို တာဝန်ယူဆောင်ရွက်ရပါမည်။,,,2017ByElection
CampaignFinance,223,Yes/No,နိုင်ငံရေးပါတီများသည် ဘဏ္ဍာရေးစာရင်းရှင်းတမ်းများကို ပြည်ထောင်စုရွေးကောက်ပွဲကော်မရှင်သို့မဟုတ် ကော်မရှင်အဖွဲ့ခွဲများထံသို့တင်သွင်းရန်လိုအပ်ပါသလား?,မလိုအပ်ပါ။ နိုင်ငံရေးပါတီများသည် ၎င်းတို့၏မဲဆွယ်စည်းရုံးရေးပွဲဝင်ငွေများနှင့်အသုံးစရိတ်များ၏ ဘဏ္ဍာရေး စာရင်းရှင်းတမ်းများကို တင်သွင်းရန်မလိုပါ။ ကိုယ်စားလှယ်လောင်းများသာလျှင် ထိုသို့ပြုလုပ်ရန် တာဝန်ရှိ ပါသည်။ သို့သော် လိုအပ်သည်ဟုယူဆလျှင် (ဥပမာ-ပါတီကိုတိုင်ကြားချက်များရှိလျှင်) ပြည်ထောင်စုရွေးကောက်ပွဲ ကော်မရှင်သည် ထိုငွေစာရင်းစာအုပ်များကို ရယူ၍ စစ်ဆေးရန်အတွက်သော်လည်းကောင်းသို့မဟုတ် သက်ဆိုင်ရာ ကော်မရှင်အဖွဲ့ခွဲအားထိုသို့ပြုလုပ်ရန်ညွှန်ကြားရန်အတွက် သော်လည်းကောင်းနိုင်ငံရေးပါတီများ သည်နှစ်ပတ်လည်ငွေစာရင်းစာအုပ်များကိုထိန်းသိမ်းထားရန် (မေးခွန်း-၂၃တွင်ကြည့်ပါ။) ဥပဒေအရလိုအပ် ပါသည်။,,,2017ByElection
CampaignFinance,224,Open-ended,နိုင်ငံရေးပါတီဆိုင်ရာ ဘဏ္ဍာရေးဥပဒေများကို မလိုက်နာလျှင် ဘာဆက်ဖြစ်မလဲ?,အကယ်၍ နိုင်ငံရေးပါတီတစ်ခုသည် ဘာသာရေး အဖွဲ့အစည်းများ၊ နိုင်ငံတော်၊ နိုင်ငံခြားတိုင်းပြည် တစ်ခုခု၏ အစိုးရ၊ လူပုဂ္ဂိုလ် သို့မဟုတ် အဖွဲ့အစည်းများထံမှ အရင်းအမြစ်များလက်ခံရယူသုံးစွဲခြင်း (သို့မဟုတ်) မည်သည့် ထောက်ပံ့ခြင်းအမျိုးအစားကိုမဆို လက်ခံရယူသုံးစွဲခြင်းအား တားမြစ်ထားခြင်းကို ချိုးဖောက်ကြောင်း ပြည်ထောင်စု ရွေးကောက်ပွဲကော်မရှင်က သိရှိလျှင် ပြည်ထောင်စုရွေးကောက်ပွဲကော်မရှင်သည် အောက်ဖော်ပြပါ အဆင့်များအတိုင်းလုပ်ဆောင်မည် ဖြစ်ပါသည်။ ကာလတစ်ခုသတ်မှတ်၍ ပါတီအား ဥပဒေကို လိုက်နာရန် အမိန့်ပေးခြင်း၊  အကယ်၍ ပါတီသည်လိုက်နာခြင်းမရှိပါက ထိုပါတီ၏ မှတ်ပုံတင်ခြင်းကို ပြည်ထောင်စု ရွေးကောက်ပွဲကော်မရှင်မှ ၃ နှစ်အထိယာယီရပ်ဆိုင်းနိုင်သည်။ ပြည်ထောင်စုရွေးကောက်ပွဲ ကော်မရှင်မှ ညွှန်ကြားထားသော ဆောင်ရွက်ရမည့် အရာများမှလွဲ၍ ထိုနိုင်ငံရေးပါတီသည် အခြား မည်သည့် ဆောင်ရွက်ချက်ကိုမဆို ပြုလုပ်ခွင့်မရှိပါ။ အကယ်၍ပါတီသည် ယာယီရပ်ဆိုင်းထားသည့်ကာလကုန်ဆုံးသည်အထိ ညွှန်ကြားချက် အတိုင်း လိုက်နာဆောင်ရွက်ရန်ပျက်ကွက်လျှင် ပြည်ထောင်စုရွေးကောက်ပွဲကော်မရှင်သည် ယင်းပါတီ အား နိုင်ငံရေးပါတီအဖြစ်မှတ်ပုံတင်ထားခြင်းကို ပယ်ဖျက်၍ ပါတီကိုလည်း ဖျက်သိမ်းရမည်။,,,2017ByElection
CampaignFinance,225,Open-ended,ရွေးကောက်ပွဲမဲဆွယ်စည်းရုံးပွဲအတွက်နိုင်ငံရေးပါတီတစ်ခုမှ သုံးစွဲနိုင်သည့် အမြင့်ဆုံးငွေပမာဏမှာ မည်မျှ ဖြစ်ပါသလဲ?,နိုင်ငံရေးပါတီတစ်ခုသည်ကိုယ်စားလှယ်လောင်းတစ်ဦးစီအတွက်ရွေးကောက်ပွဲကုန်ကျစရိတ်ငွေကျပ်သိန်းတစ်ရာ စီ သုံးစွဲခွင့်ရှိပါသည်။ ကိုယ်စားလှယ်လောင်းတစ်ဦးစီအတွက် (ပါတီ + ကိုယ်ပိုင် + လှူဒါန်း) ငွေစုစုပေါင်းသည် ကျပ်သိန်း ၁၀ဝ ထက်မပိုရပါ။,,,2017ByElection
CampaignFinance,226,Yes/No,ပြည်ပနိုင်ငံများမှ လှူဒါန်းမှုများကို ပါတီများက လက်ခံခွင့်ရှိပါသလား?,မရှိပါ။ ပါတီများအား နိုင်ငံခြားတိုင်းပြည်တစ်ခုခု၏ အစိုးရသို့မဟုတ်အဖွဲ့အစည်းများ သို့မဟုတ် နိုင်ငံသားများ ထံမှ ငွေကြေး၊ပစ္စည်း၊အခြားအထောက်အပံ့ကို တိုက်ရိုက်ဖြစ်စေ၊ သွယ်ဝိုက်၍ဖြစ်စေ ရယူသုံးစွဲခြင်းကို ခွင့်မပြုပါ။,,,2017ByElection
CampaignFinance,227,Open-ended,နိုင်ငံရေးပါတီများသည် ဘာသာရေးအဖွဲ့အစည်းများထံမှလှူဒါန်းမှုများကို လက်ခံခွင့်ရှိပါသလား?,မရှိပါ။ နိုင်ငံရေးပါတီများအား မည်သည့်ဘာသာရေး အဖွဲ့အစည်းများထံမှမဆို ငွေကြေး၊ ပစ္စည်း၊ အခြား အထောက်အပံ့ ကိုရယူသုံးစွဲခွင့်မပြုပါ။,,,2017ByElection
CampaignFinance,228,Open-ended,နိုင်ငံရေးပါတီများသည် ၎င်းတို့၏ ရွေးကောက်ပွဲမဲဆွယ်စည်းရုံးပွဲအတွက် နိုင်ငံတော်အရင်းအမြစ်များကို သုံးစွဲခွင့်ရှိပါသလား?,မရှိပါ။ နိုင်ငံရေးပါတီများသည် မဲဆွယ်စည်းရုံးရေးအတွက် နိုင်ငံတော် (သို့မဟုတ်) အစိုးရအရင်းအမြစ် များကို ရယူသုံးစွဲခဲ့လျှင် နိုင်ငံရေးပါတီအဖြစ် မှတ်ပုံတင်ထားခြင်းကို ပယ်ဖျက်ခြင်းခံရနိုင်ပါသည်။,,,2017ByElection
CampaignFinance,229,Open-ended,နိုင်ငံရေးပါတီများအတွက် မည်သည့်ရံပုံငွေအရင်းအမြစ်များကို ခွင့်ပြုထားပါသလဲ?, နိုင်ငံရေးပါတီများသည် အောက်ဖော်ပြပါတို့ကို လက်ခံခွင့်ရှိပါသည်။ ပါတီဝင်ကြေးနှင့်ပါတီလစဉ်ဝင်ကြေးများ။  နိုင်ငံတွင်းရှိ နိုင်ငံသားပိုင် အဖွဲ့အစည်းများ၊ ကုမ္ပဏီများ သို့မဟုတ်  ကုမ္ပဏီအစုအဖွဲ့များ၏ တရားဝင် ငွေများထဲမှ လှူဒါန်းသောငွေကြေး သို့မဟုတ် ပစ္စည်းများ။ နိုင်ငံအတွင်းရှိမြန်မာနိုင်ငံသားများ၏ တရားဝင်ငွေများထဲမှ လှူဒါန်မှုများ။ နိုင်ငံရေးပါတီက ပိုင်ဆိုင်သော ရွှေ့ပြောင်းနိုင်သော ပစ္စည်းများ၊ မရွှေ့ပြောင်းနိုင်သော ပစ္စည်းများ နှင့် ရံပုံငွေများ။ သက်ဆိုင်ရာမြန်မာနိုင်ငံ စီးပွားရေးလုပ်ငန်းများ ဥပဒေ နှင့်အညီ မှတ်ပုံတင်ထားသော နိုင်ငံရေးပါတီမှ ပိုင်ဆိုင်သည့် မည်သည့်စီးပွားရေးလုပ်ငန်းမဆို လှူဒါန်းမှုအားလုံးအား တရား ဝင်လက်ခံရရှိရမည်ဖြစ်ပါသည်။ ပါတီနှစ်ခု သို့မဟုတ် နှစ်ခုထက်ပိုသော ပါတီများပူပေါင်း၍ ပါတီတစ်ခုတည်းအဖြစ်ထူထောင်သည့်ကိစ္စရပ်တွင်ထိုသို့ပူးပေါင်းမှုကြောင့်ပေါ်ပေါက်လာသောပါတီအသစ်သည် ထိုပူပေါင်းရာတွင်ပါဝင်သည့် ပါတီများ၏ ရံပုံငွေများနှင့်ပစ္စည်းများ အားလုံး ကို ပိုင်ဆိုင်ပါသည်။,,,2017ByElection
CampaignFinance,230,Yes/No,နိုင်ငံရေးပါတီတစ်ခုမှ လက်ခံနိုင်သောလှူဒါန်းမှုပမာဏအတွက် ကန့်သတ်ချက်ရှိပါသလား?,ကန့်သတ်ချက်မရှိပါ။ လှူဒါန်းမှုများသည် သတ်မှတ်ထားသော လှူဒါန်းသူများထံမှဖြစ်လျှင် ပါတီများသည် မဲဆွယ်စည်းရုံးပွဲ ကာလတွင်ဖြစ်စေ၊ မဲဆွယ် စည်းရုံးပွဲကာလ ပြင်ပတွင်ဖြစ်စေလှူဒါန်းငွေများကို အကန့်အသတ်မရှိလက်ခံနိုင်ပါသည်။,,,2017ByElection
CampaignFinance,231,Yes/No,နိုင်ငံရေးပါတီများသည် အခွန်ကင်းလွတ်ခွင့်ရရှိပါသလား?,ရှိပါသည်။ နိုင်ငံရေးပါတီများသည် အောက်ပါဝင်ငွေများအတွက် အခွန်ကင်းလွတ်ခွင့်ရှိပါသည်။ ပါတီဝင်ကြေးနှင့်ပါတီလစဉ်ကြေးများ။ နိုင်ငံတွင်းရှိအဖွဲ့အစည်းများ၊ ကုမ္ပဏီများသို့မဟုတ်ကုမ္ပဏီအစုအဖွဲ့များမှ လှူဒါန်းသော ငွေကြေးသို့မဟုတ် ပစ္စည်းများ။ နိုင်ငံတွင်းရှိမြန်မာနိုင်ငံသားများမှလှူဒါန်းမှုများ သို့သော်နိုင်ငံရေးပါတီများ ပိုင်ဆိုင်သည့်စီးပွားရေး လုပ်ငန်း များ မှ တရားဝင်ရရှိသည့်ဝင်ငွေများ သို့မဟုတ် အမြတ်အစွန်းများအပေါ်တွင် အခွန်စည်းကြပ်ကောက်ခံပါသည်။,,,2017ByElection
CampaignFinance,232,Yes/No,နိုင်ငံရေးပါတီများသည် မီဒီယာကိစ္စများနှင့်ပတ်သတ်၍ အခမဲ့သို့မဟုတ် အထောက်အပံ့ခံယူခွင့်ရှိပါသလား?,ရှိပါသည်။ မဲဆွယ်စည်းရုံးခြင်းနှင့် ပတ်သတ်၍ ပြည်ထောင်စု ရွေးကောက်ပွဲကော်မရှင်မှ ထုတ်ပြန်ထားသော ညွှန်ကြားချက်အမှတ် ၁/၂၀၁၄  အရ နိုင်ငံရေးပါတီတစ်ခုစီသည် မဲဆွယ်စည်းရုံးပွဲကိစ္စများနှင့် ပတ်သတ်၍ နိုင်ငံတော်ပိုင် မီဒီယာများမှ အခမဲ့ ထုတ်လွှင့်ခွင့်ပြုပေးထားပါသည်။ သာတူညီမျှသော ထုတ်လွှင့်ချိန်များကို ပြည်ထောင်စုရွေးကောက်ပွဲ ကော်မရှင်မှ ခွဲဝေပေးမည်ဖြစ်ပါသည်။,,,2017ByElection