Id,PartyName,PartyNameEnglish,Abbreviation,EstablishmentDate,MemberCount,Leadership,EstablishmentApprovalDate,RegistrationApplicationDate,RegistrationApprovalDate,ApprovedPartyNumber,PartyFlag,PartySeal,Chairman,Region,Headquarters,Contact,Policy,ST_PCODE,DT_PCODE
1,မြိုတိုင်းရင်းသားဖွံ့ဖြိုး​ရေးပါတီ,Mro National Development Party,MNDP,,,ဦးစံသာအောင်၊ ဦးလာဘွေ,,9.4.2010,28.4.2010,အမှတ်စဉ်( ၁ ),https://storage.googleapis.com/staticassets/flags-and-logos/1-flag.png,https://storage.googleapis.com/staticassets/flags-and-logos/1-logo.png,ဦးစံသာအောင်၊ ဦးလာဘွေ,ရခိုင်ပြည်နယ်နှင့် ချင်းပြည်နယ် ပလက်ဝမြို့။,အမှတ်(၂၀၂)၊စာတိုက်လမ်း၊ပြည်တော်သာ ရပ်ကွက်၊ ကျောက်တော်မြို့နယ်၊ရခိုင်ပြည်နယ်,၀၉-၄၂၁၇၃၄၅၀၈(ဥက္ကဌ),http://uecmyanmar.org/images/stories/policals_policies/1%20Mro%20or%20Khami%20National%20Solidarity%20Organization.pdf,,
2,တိုင်းရင်းသားစည်းလုံးညီညွတ်ရေးပါတီ,National Unity Party,,,,ဦးထွန်းရီ၊ ဦးသန်းတင်,,29.3.2010,29.4.2010,အမှတ်စဉ်( ၂ ),https://storage.googleapis.com/staticassets/flags-and-logos/2-flag.png,https://storage.googleapis.com/staticassets/flags-and-logos/2-logo.png,ဦးထွန်းရီ၊ ဦးသန်းတင်(ထွေ/မှူး),ပြည်ထောင်စုတစ်ဝန်းလုံး,အမှတ် (၂၄)၊ အောင်ဇေယျလမ်း၊ ရွှေတောင်ကြား(၁)ရပ်ကွက်၊ ဗဟန်းမြို့နယ်၊ ရန်ကုန်တိုင်းဒေသကြီး,၀၉-၄၂၁၁၀၉၅၅၀၊ ၀၁-၅၃၇၆၀၁၊ ၀၁-၅၅၇၄၈၀၊ ၀၁-၅၅၄၂၁၉(ဖက်စ်),http://uecmyanmar.org/images/stories/policals_policies/2/2.1.pdf,,
3,လားဟူအမျိုးသားဖွံ့ဖြိုးတိုးတက်ရေးပါတီ,La Hu National Development Party,,,,ဦးကျဟားရှဲ၊ ဦးယောသပ်,,23.4.2010,29.4.2010,အမှတ်စဉ်( ၃ ),https://storage.googleapis.com/staticassets/flags-and-logos/3-flag.png,https://storage.googleapis.com/staticassets/flags-and-logos/3-logo.png, ဦးယောသပ်၊ ဦးသက်ဝင်း(ထွေ/မှူး),ရှမ်းပြည်နယ်အတွင်း,အမှတ်(၄၃)၊ လမ်းသွယ်(၄)၊ ပါရမီလမ်း၊ ရပ်ကွက်(၁)၊ လားရှိုးမြို့၊ ရှမ်းပြည်နယ်။,၀၉-၄၉၂၁၉၆၇၂(ဦးယောသပ်)၊  ၀၈၂-၂၂၇၁၃၊ ၀၈၂-၂၃၁၀၆,http://uecmyanmar.org/images/stories/policals_policies/3La%20Hu%20National%20Development%20Party.pdf,,
4,ကိုးကန့်ဒီမိုကရေစီနှင့်ညီညွတ်ရေးပါတီ,Kokang Democracy and Unity Party,,,,ဦးလော်ဆင်ကွမ်း၊ ဦးခင်မောင်အေး,,30.4.2010,7.5.2010,အမှတ်စဉ်( ၄ ),https://storage.googleapis.com/staticassets/flags-and-logos/4-flag.png,https://storage.googleapis.com/staticassets/flags-and-logos/4-logo.png,ဦးထွန်းနိုင်၊ ဦးဇော်ထွန်း(တွင်း/မှူး-၁),ရှမ်းပြည်နယ်အတွင်း,အမှတ်(၂၆)၊ မြဝတီလမ်း၊ နယ်မြေ(၅)၊ရပ်ကွက်(၁)၊လားရှိုးမြို့၊ ရှမ်းပြည်နယ်။,၀၉-၅၂၆၂၁၉၅(ဦးလော်ဆင်ကွမ်း)၊ ၀၉-၆၇၀၀၉၇၁၊ ၀၈၂-၂၄၆၂၇(ဖက်စ်),http://uecmyanmar.org/images/stories/policals_policies/4Kokang%20Democracy%20and%20Unity%20Party.pdf,,
5,ပအိုဝ်းအမျိုးသားအဖွဲ့ချုပ်(PNO)ပါတီ,Pao National Organization,PNO,2.4.2010,၁၅ ဦး,ဦးစံလွင်၊ ဦးဝင်းကို,23.4.2010,6.5.2010,13.5.2010,အမှတ်စဉ်( ၅ ),https://storage.googleapis.com/staticassets/flags-and-logos/5-flag.png,https://storage.googleapis.com/staticassets/flags-and-logos/5-logo.png, ဦးစံလွင်၊ ဦးခွန်သိန်းဖေ,ပြည်ထောင်စုတစ်ဝန်းလုံး,အမှတ်(၁၈)၊ အနောက်မြို့ပတ်လမ်း၊ စျေးပိုင်းရပ်၊ တောင်ကြီးမြို့၊ ရှမ်းပြည်နယ်။,၀၉-၄၉၃၆၃၂၈၂,http://uecmyanmar.org/images/stories/policals_policies/5Pao%20National%20Organization%20PNO.pdf,,
6,ဒီမိုကရက်တစ်ပါတီ(မြန်မာ),Democratic Party(Myanmar),,30.3.2010,၂၀ ဦး,ဦးသုဝေ၊ ဒေါ်သန်းသန်းနု,29.4.2010,11.5.2010,20.5.2010,အမှတ်စဉ်( ၆ ),https://storage.googleapis.com/staticassets/flags-and-logos/6-flag.png,https://storage.googleapis.com/staticassets/flags-and-logos/6-logo.png,ဦးသုဝေ၊ ဒေါ်သန်းသန်းနု(တွင်း/မှူးချုပ်),ပြည်ထောင်စုတစ်ဝန်းလုံး,အမှတ်(၄၆၅)၊ သိမ်ဖြူလမ်း၊ ဖို့မြေရပ်ကွက်၊ မင်္ဂလာတောင်ညွန့်မြို့နယ်၊ ရန်ကုန်တိုင်းဒေသကြီး။,၀၉-၈၀၂၀၂၅၄၊ ၀၁-၅၄၁၆၄၉(ဒေါ်သန်းသန်းနု)၊ ၀၉-၅၀၈၄၉၆၃,http://uecmyanmar.org/images/stories/policals_policies/6Democratic%20Party%20Myanmar.pdf,,
7,ကယန်းအမျိုးသားပါတီ,Kayan National Party,,26.4.2010,၁၇  ဦး,ဦးခူးယူဂျင်း၊ ဦးလောရင်း,4.5.2010,11.5.2010,20.5.2010,အမှတ်စဉ်( ၇ ),https://storage.googleapis.com/staticassets/flags-and-logos/7-flag.png,https://storage.googleapis.com/staticassets/flags-and-logos/7-logo.png,ဦးခူးယူဂျင်း၊ ဦးနန်းရီ(ထွေ/မှူး) ,ပြည်ထောင်စုတစ်ဝန်းလုံး,အမှတ်(ည/၁၂၅)၊ သိုင်းဗဟန်လမ်း၊ ညောင်ကုန်း (၃)ရပ်ကွက်၊ ဖယ်ခုံမြို့၊ ရှမ်းပြည်နယ်။,၀၈၁-၅၆၁၅၃(ဦးခူးယူဂျင်),http://uecmyanmar.org/images/stories/policals_policies/7Kayan%20National%20Party.pdf,,
8,ရခိုင်ပြည်နယ်အမျိုးသားအင်အားစုပါတီ,Rakhine State National United Party,,28.4.2010,၁၅ ဦး,ဦးအေးကြိုင်၊ ဦးတင်မြင့်,4.5.2010,11.5.2010,20.5.2010,အမှတ်စဉ်( ၈ ),https://storage.googleapis.com/staticassets/flags-and-logos/8-flag.png,https://storage.googleapis.com/staticassets/flags-and-logos/8-logo.png, ဦးအေးကြိုင်၊ ဦးမောင်အုံးတင်(တွဲ-တွင်း/မှူး),ပြည်ထောင်စုတစ်ဝန်းလုံး,အမှတ်(၅၄)၊ (၁၄/၂)ရပ်ကွက်၊ ရွှေပြည်စိုးလမ်း တောင်ဥက္ကလာပမြို့နယ်၊ ရန်ကုန်တိုင်းဒေသကြီး,၀၉-၄၂၁၀၉၅၈၃၃(ဦးအေးကြိုင်)၊ ၀၉-၄၂၀၁၀၄၂၄၅(ဦးညီညီ)၊,http://uecmyanmar.org/images/stories/policals_policies/8%20Rakhine%20State%20National%20United%20Party%20of%20Myanmar.pdf,,
9,ကရင်ပြည်သူ့ပါတီ,Kayin Peoples Party,KPP,31.3.2010,၁၆ ဦး,ဦးထွန်းအောင်မြင့် ၊ ဦးစောစေးဝါး(ထွေ/မှူး),29.4.2010,12.5.2010,21.5.2010,အမှတ်စဉ်( ၉ ),https://storage.googleapis.com/staticassets/flags-and-logos/9-flag.png,https://storage.googleapis.com/staticassets/flags-and-logos/9-logo.png, ဦးထွန်းအောင်မြင့် ၊ ဦးစောစေးဝါး(ထွေ/မှူး),ပြည်ထောင်စုတစ်ဝန်းလုံး,အမှတ်(၆၃၂)၊ ဃ/၁၆၊ အာဇာနည်လမ်း ၊    အမှတ်(၄)လမ်းမဆုံ၊ ရပ်ကွက်(၅)၊ ရွှေပြည်သာမြို့နယ်၊ ရန်ကုန်တိုင်းဒေသကြီး။,၀၉-၅၁၈၀၁၆၄၊  ၀၁-၆၁၁၆၁၂,http://uecmyanmar.org/images/stories/policals_policies/9Kayin%20Peoples%20Party%20KPP.pdf,,
10,“ဝ”အမျိုးသားစည်းလုံးညီညွတ်ရေးပါတီ,Wa National Unity Party,,29.4.2010,၁၅ ဦး,ဦးလုပ်ပေါင်း၊ ဦးညီပလုပ်,4.5.2010,12.5.2010,21.5.2010,အမှတ်စဉ်( ၁၀ ),https://storage.googleapis.com/staticassets/flags-and-logos/10-flag.png,https://storage.googleapis.com/staticassets/flags-and-logos/10-logo.png,ဦးညီပလုပ် ၊ ဦးဂျိုးဇက်ထွန်း(တွင်း/မှူး-၁),ရှမ်းပြည်နယ်အတွင်း,အမှတ်(၃၆)ဗျူဟာလမ်း၊ နယ်မြေ(၂)၊ (၁)ရပ်ကွက်၊ လားရှိုးမြို့၊ ရှမ်းပြည်နယ်။,၀၉-၄၀၃၇၄၂၅၄၀(ဦ:ဆမ်ဆောင်ကား) ၀၉-၅၂၆၀၃၁၉၊ ၀၈၂-၂၂၂၂၉၊ ၀၉-၅၂၆၀၂၉၃၊ ၀၈၂-၂၂၇၁၃,http://uecmyanmar.org/images/stories/policals_policies/10/10.1.pdf,,
11,တအာင်း(ပလောင်)အမျိုးသားပါတီ,Ta-Arng (Palaung) National Party,,8.4.2010,၁၅ ဦး,ဦးအိုက်မုန်း၊ ဦးထွန်းကျော်,23.4.2010,14.5.2010,24.5.2010,အမှတ်စဉ်( ၁၂ ),https://storage.googleapis.com/staticassets/flags-and-logos/11-flag.png,https://storage.googleapis.com/staticassets/flags-and-logos/11-logo.png, ဦးအိုက်မုန်း၊ ဦးထွန်းကျော်(ထွေ/မှူး),ပြည်ထောင်စုတစ်ဝန်းလုံး,အမှတ်(က/၁၁၀)ဗိုလ်ချုပ်အောင်ဆန်းလမ်း၊ မင်္ဂလာရပ်၊ နမ့်ဆန်မြို့၊ ရှမ်းပြည်နယ်။,၀၉-၂၀၀၃၅၄၁(ဦ:မိုင်းအုဏ်းခိုင်)၊ ၀၉-၄၃၁၄၆၂၅၀၊ ၀၉-၆၇၁၂၀၅၁(ဦးအိုက်မုန်း)၊ ၀၉-၉၀၄၀၆၅၁,http://uecmyanmar.org/images/stories/policals_policies/11Ta-Arng%20PalaungNational%20Party.pdf,,
12,မွန်ဒေသလုံးဆိုင်ရာဒီမိုကရေစီပါတီ,All Mon Regions Democracy Party,,30.4.2010,၁၅ ဦး,ဦးငွေသိန်း၊ ဦးနိုင်လှအောင်,4.5.2010,14.5.2010,24.5.2010,အမှတ်စဉ်( ၁၃ ),https://storage.googleapis.com/staticassets/flags-and-logos/12-flag.png,https://storage.googleapis.com/staticassets/flags-and-logos/12-logo.png,ဦးငွေသိန်း၊ ဦးထွန်းရီ(ခ)မင်းနွယ်စိုး(ထွေ/မှူး),ပြည်ထောင်စုတစ်ဝန်းလုံး,ခြံအမှတ်(၂၂၇)၊ (၆)လမ်း၊ မြိုင်သာယာမြို့သစ်၊ မော်လမြိုင်မြို့၊ မွန်ပြည်နယ်။,၀၉-၅၃၂၁၄၁၇(ဦ:ငွေသိန်း)၊ ၀၉-၈၇၃၀၉၆၄(ဦးနိုင်လှအောင်)၊ ၀၉-၄၂၅၂၆၆၂၉၇(စံတင်),http://uecmyanmar.org/images/stories/policals_policies/12All%20Mon%20Regions%20Democracy%20Party.pdf,,
13,ဒီမိုကရေစီနှင့်ငြိမ်းချမ်းရေးပါတီ,Democracy and Peace Party,,4.5.2010,၁၇ ဦး,ဦးစိုးမောင်၊ ဦးလှမျိုးမြင့်,6.5.2010,13.5.2010,24.5.2010,အမှတ်စဉ်( ၁၄ ),https://storage.googleapis.com/staticassets/flags-and-logos/13-flag.png,https://storage.googleapis.com/staticassets/flags-and-logos/13-logo.png,ဦးအောင်သန်း၊ ဦးမျိုးမြင့်(ထွေ/မှူး),ပြည်ထောင်စုတစ်ဝန်းလုံး,အမှတ်(၁၀၃)၊ (၃လွှာ)၊ သမိန်ဗရမ်းလမ်း၊ တာမွေကြီး(က+ဂ)ရပ်ကွက်၊ တာမွေမြို့နယ်၊ ရန်ကုန်တိုင်းဒေသကြီး။,၀၉-၇၃၀၈၂၄၅၁၊ ၀၉-၇၃၂၀၄၈၃၄(ဦ:စိုးမောင်)၊ ၀၉-၇၃၁၃၃၇၇၇၊ ၀၉-၈၆၃၁၅၁၆(ဦးအောင်သန်း),http://uecmyanmar.org/images/stories/policals_policies/13Democracy%20and%20Peace%20Party.pdf,,
14,ရှမ်းတိုင်းရင်းသားများဒီမိုကရက်တစ်ပါတီ,Shan Nationalities Democratic Party,,8.4.2010,၁၅ ဦး,ဦးစိုင်းအိုက်ပေါင်း၊ ဦးနယ်(လ်)ဆင်(ခ)ဦးဆောင်ဆီ,3.5.2010,18.5.2010,26.5.2010,အမှတ်စဉ်( ၁၅ ),https://storage.googleapis.com/staticassets/flags-and-logos/14-flag.png,https://storage.googleapis.com/staticassets/flags-and-logos/14-logo.png,ဦးစိုင်းအိုက်ပေါင်း၊ ဦးစိုင်းလှကျော်(ထွေ/မှူး) ,ပြည်ထောင်စုတစ်ဝန်းလုံး,အမှတ်(၃၂၆)၊တောင်ကျောင်းလမ်း၊ မြို့မရပ်၊ တောင်ကြီးမြို့၊ ရှမ်းပြည်နယ်။,၀၉-၄၁၀၀၈၂၂၅(ဦ:စောယွန်းပိုင်)၊ ၀၉-၅၁၅၉၉၉၈၊ ၀၉-၂၀၂၁၃၅၈ (ဦးစိုင်းမောင်တင်)၊ ၀၈၁-၂၀၂၀၆၄၊ ၀၉-၇၃၀၄၆၂၀၆(ဦးစိုင်းလှကျော်),http://uecmyanmar.org/images/stories/policals_policies/14Shan%20Nationalities%20Democratic%20Party.pdf,,
15,ညီညွတ်သောဒီမိုကရက်တစ်ပါတီ(UDP),United Democratic Party,UDP,3.5.2010,၁၇ ဦး,ဦးဘိုမောင်း(နုတ်ထွက်)၊ ဦးလှမြင့်,6.5.2010,17.5.2010,26.5.2010,အမှတ်စဉ်( ၁၆ ),https://storage.googleapis.com/staticassets/flags-and-logos/15-flag.png,https://storage.googleapis.com/staticassets/flags-and-logos/15-logo.png,ဦးလှမြင့် ၊ ဦးမျိုးညွန့်(တွဲ-တွင်း/မှူး),ပြည်ထောင်စုတစ်ဝန်းလုံး,၃၄၁၊ ဆုတောင်ပြည့်ဘုရားလမ်း၊ စျေးရပ်ကွက်၊ သရက်မြို့၊ မကွေးတိုင်းဒေသကြီး။,၀၉-၄၀၁၅၇၈၀၅၇(ဥက္ကဌ) ၀၇၁-၅၅၀၇၅၊ ၀၆၈-၂၁၃၉၈၊ ၀၉-၅၀၈၉၂၂၂(ဦးဗန်နေ),http://uecmyanmar.org/images/stories/policals_policies/15United%20Democratic%20Party%20UDP.pdf,,
16,၈၈မျိုးဆက်ကျောင်းသားလူငယ်များ(ပြည်ထောင်စုမြန်မာနိုင်ငံ)ပါတီ,The 88 Generation Student Youths  (Union of Myanmar),,22.3.2010,၂၇ ဦး,ဦးရဲထွန်း၊ ဦးသန်းဦး,22.4.2010,29.4.2010,26.5.2010,အမှတ်စဉ်( ၁၇ ),https://storage.googleapis.com/staticassets/flags-and-logos/16-flag.png,https://storage.googleapis.com/staticassets/flags-and-logos/16-logo.png,ဦးရဲထွန်း၊ ဦးလေးစိုး(ထွေ/မှူး),ပြည်ထောင်စုတစ်ဝန်းလုံး,တိုက်(အက်ဖ်)၊ အခန်း(၃၀၁)၊ ပုလဲကွန်ဒိုမီနီယံ ကမ္ဘာအေးဘုရားလမ်း၊ ဗဟန်းမြို့နယ်၊ ရန်ကုန်တိုင်းဒေသကြီး။,၀၁-၅၅၆၅၅၄၊ ၀၉-၅၁၉၇၆၂၆,http://uecmyanmar.org/images/stories/policals_policies/16The%2088%20Generation%20Student%20Youths%20Union%20of%20Myanmar.pdf,,
17,ပြည်ထောင်စုမြန်မာနိုင်ငံအမျိုးသားနိုင်ငံရေးအဖွဲ့ချုပ်ပါတီ,The Union of Myanmar Federation of National Politics,,22.3.2010,၂၈ ဦး,ဦးအေးလွင်၊ ဦးခင်မောင်ဦး,22.4.2010,29.4.2010,26.5.2010,အမှတ်စဉ်( ၁၈ ),https://storage.googleapis.com/staticassets/flags-and-logos/17-flag.png,https://storage.googleapis.com/staticassets/flags-and-logos/17-logo.png,ဦးအေးလွင်၊ ဦးဌေးငွေ(တွဲ-ထွေ/မှူး) ,ပြည်ထောင်စုတစ်ဝန်းလုံး,တိုက်(အက်ဖ်)၊ အခန်း(၃၀၁)၊ ပုလဲကွန်ဒိုမီနီယံ ကမ္ဘာအေးဘုရားလမ်း၊ ဗဟန်းမြို့နယ်၊ ရန်ကုန်တိုင်းဒေသကြီး။,၀၁-၅၅၆၅၅၄၊ ၀၉-၅၁၈၇၉၉၁,http://uecmyanmar.org/images/stories/policals_policies/17The%20Union%20of%20Myanmar%20Federation%20of%20National%20Politics.pdf,,
18,အမျိုးသားနိုင်ငံရေးမဟာမိတ်များအဖွဲ့ချုပ်ပါတီ,National Political Alliance League,,1.4.2010,၁၅ ဦး,ဦးတင်ထွန်းမောင်၊ ဦးကြည်ဝင်း,29.4.2010,19.5.2010,27.5.2010,အမှတ်စဉ်( ၁၉ ),https://storage.googleapis.com/staticassets/flags-and-logos/18-flag.png,0,ဦးတင်ထွန်းမောင် ၊  ဦးလှအောင်  (တွင်း/မှူး-၁),ပြည်ထောင်စုတစ်ဝန်းလုံး,အမှတ် (၁၀၁၀)(ခ) ၊ ပညာလမ်း ၊ (၄) ရပ်ကွက် ၊  တောင်ဥက္ကလာပ မြို့နယ် ၊ ရန်ကုန်တိုင်းဒေသကြီး,၀၉-  ၇၃၀၉၄၂၁၃(ဦးတင်ထွန်းမောင်)၊ ၀၉- ၂၂၀၁၁၄၁(ဦးဝင်းဇော်)၊ ၀၉-၄၉၂၅၆၄၂၈ (ဦးတင်ဝင်း),http://uecmyanmar.org/images/stories/policals_policies/18National%20Political%20Alliance%20League.pdf,,
19,ချင်းအမျိုးသားဒီမိုကရက်တစ်ပါတီ,Chin National Democratic Party,,7.4.2010,၁၆ ဦး,ဦးဇမ်ကျင်ပေါ်(ခ)ဦးဇိုဇမ်း၊ ဦးချန်ဟဲ,3.5.2010,19.5.2010,27.5.2010,အမှတ်စဉ်( ၂၁ ),https://storage.googleapis.com/staticassets/flags-and-logos/19-flag.png,https://storage.googleapis.com/staticassets/flags-and-logos/19-logo.png,ဦးဇမ်ကျင်ပေါ်(ခ)ဦးဇိုဇမ်း၊ ဆလိုင်းထီယံအုပ်ထန်(တွင်း/မှူး-၁),ပြည်ထောင်စုတစ်ဝန်းလုံး,အမှတ်(၁၂၀)၊ အခန်း(၅၂)၊ သုခလှိုင်တိုက် ၊ အင်းစိန်လမ်းမကြီး၊ လှိုင်မြို့နယ်၊ ရန်ကုန်တိုင်းဒေသကြီး။,၀၉-၅၀၃၀၈၇၀( ဦးဇိုဇမ်း) ၊ ၀၁-၆၄၆၃၉၇၊ ၀၉-၄၃၀၉၄၀၈၇၊ ၀၉-၄၃၁၆၃၅၃၉,http://uecmyanmar.org/images/stories/policals_policies/19Chin%20National%20Party.pdf,,
20,ဝံသာနုဒီမိုကရက်တစ်ပါတီ,Wun Thar Nu Democratic Party,,9.4.2010,၂၁ ဦး,ဦးထွန်းရင်(ကွယ်လွန်)၊ ဒေါ်နန်းရွှေကြာ,23.4.2010,19.5.2010,27.5.2010,အမှတ်စဉ်( ၂၂ ),https://storage.googleapis.com/staticassets/flags-and-logos/20-flag.png,https://storage.googleapis.com/staticassets/flags-and-logos/20-logo.png,ဦးရဲမင်း၊ ဒေါ်နန်းရွှေကြာ (ထွေ/မှူး),ပြည်ထောင်စုတစ်ဝန်းလုံး,နန်းဦးလွင်ကျေးရွာအုပ်စု၊ ပုသိမ်ကြီးမြို့နယ်၊ မန္တလေးတိုင်းဒေသကြီး။,၀၉-၆၈၀၆၅၇၂,http://uecmyanmar.org/images/stories/policals_policies/20Wun%20Tha%20Nu%20Democratic%20Party.pdf,,
21,ခေတ်သစ်ပြည်သူ့ပါတီ,Modern People Party,,6.4.2010,၃၄ ဦး,ဦးထွန်းအောင်ကျော်၊ ဦးတင်စိုး,29.4.2010,20.5.2010,28.5.2010,အမှတ်စဉ်( ၂၃ ),https://storage.googleapis.com/staticassets/flags-and-logos/21-flag.png,https://storage.googleapis.com/staticassets/flags-and-logos/21-logo.png,ဦးထွန်းအောင်ကျော်၊ ဒေါ်ရီရီစံ(ထွေ/မှူး),ပြည်ထောင်စုတစ်ဝန်းလုံး,အခန်း(၂၀၂)၊ တိုက်(၅)၊ ကွမ်းခြံ(၆)လမ်း၊ (၄)ရပ်ကွက်၊ ကမာရွတ်မြို့နယ်၊ ရန်ကုန်တိုင်းဒေသကြီး။,၀၉-၇၃၂၃၈၃၂၄(ဦးထွန်းအောင်ကျော်)၊ ၀၉-၈၆၁၄၃၇၂(ဦးလှသိန်း)၊ ၀၁-၅၀၄၈၈၂၊ ၀၁-၅၀၅၃၀၇,http://uecmyanmar.org/images/stories/policals_policies/21Modern%20People%20Party.pdf,,
22,ပြည်ထောင်စုဒီမိုကရေစီပါတီ,Union Democratic Party,,8.4.2010,၁၅  ဦး,ဦးရွှေအုံး(ကွယ်လွန်)၊ ဦးဖြိုးမင်းသိန်း(နုတ်ထွက်),4.5.2010,20.5.2010,28.5.2010,အမှတ်စဉ်( ၂၄ ),https://storage.googleapis.com/staticassets/flags-and-logos/22-flag.png,https://storage.googleapis.com/staticassets/flags-and-logos/22-logo.png, ဦးသောင်းဝင်း(ထွေ/မှူး),ပြည်ထောင်စုတစ်ဝန်းလုံး,အခန်း(၆၃၇/၆၅၁)၊ အခန်းအမှတ်(၀၀၁/C)၊ ၂၉လမ်းနှင့်ကုန်သည်လမ်းထောင့်် ၊ (၃)ရပ်ကွက်၊ ပန်းဘဲတမ်းမြို့နယ်၊ ရန်ကုန်တိုင်းဒေသကြီး။,၀၁-၅၈၄၂၆၁၊၀၉-၇၃၂၀၃၀၈၅၊ ၀၉-၄၄၈၅၃၇၉၁၄ (ဦးသောင်းဝင်း)၊ ၀၉-၄၄၈၅၃၇၉၁၅,http://uecmyanmar.org/images/stories/policals_policies/22/22.1.pdf,,
23,မတူကွဲပြားခြင်းနှင့်ငြိမ်းချမ်းရေးပါတီ,Peace for Diversity Party,,6.4.2010,၁၇ ဦး,ဦးညိုမင်းလွင်(နုတ်ထွက်)၊ ဦးတင်မောင်အေး,29.4.2010,24.5.2010,1.6.2010,အမှတ်စဉ်( ၂၅ ),https://storage.googleapis.com/staticassets/flags-and-logos/23-flag.png,https://storage.googleapis.com/staticassets/flags-and-logos/23-logo.png,ဦးနေမျိုးဝေ၊ ဦးအောင်မျိုးဦး(ထွေ/မှူး),ပြည်ထောင်စုတစ်ဝန်းလုံး,အခန်း(၂/၂/၂၃၂)၊မဟော်ဂနီလမ်း၊ ထောက်ကြန့် တိုးချဲ့ရပ်ကွက်၊ မင်္ဂလာဒုံမြို့နယ် ၊  ရန်ကုန်တိုင်းဒေသကြီး။,၀၉-၄၂၁၁၄၈၂၇၅(ဦးနေမျိုးဝေ)၊ ၀၉-၈၆၁၀၇၁၉,http://uecmyanmar.org/images/stories/policals_policies/23Peace%20for%20Diversity%20Party%20P.D.P.pdf,,
24,ချင်းတိုးတက်ရေးပါတီ,Chin Progressive Party,,23.4.2010,၂၂ ဦး,ဦးလျှံကြယ်၊ ဦးနိုထန်ဘဲလ်(ခ)နိုထမ်ကပ်,4.5.2010,24.5.2010,1.6.2010,အမှတ်စဉ်( ၂၆ ),https://storage.googleapis.com/staticassets/flags-and-logos/24-flag.png,https://storage.googleapis.com/staticassets/flags-and-logos/24-logo.png,ဦးနိုထန်ဘဲလ်(ခ)နိုထမ်ကပ်၊ ဦးဇုန်လှယ်ထန်း(ထွေ/မှူး)  ,ပြည်ထောင်စုတစ်ဝန်းလုံး,တိုက် (၁၄၇)၊ (၅)လွှာ ၊ ၃၇ လမ်း(လယ်) ၊ ကျောက်တံတားမြို့နယ် ၊  ရန်ကုန်တိုင်းဒေသကြီး,၀၁-၅၃၈၃၂၈၊ ၀၉-၅၁၅၅၉၈၃(ဌာနချုပ်) ၊ ၀၁-၆၄၇၄၂၀၊ ၀၉-၈၆၃၆၄၇၀(ဥက္ကဌ)၊ ၀၁-၅၃၇၃၅၂၊ ၀၉-၅၀၁၄၉၁၆(ထွေ/မှူး),http://uecmyanmar.org/images/stories/policals_policies/24Chin%20progressive%20party.pdf,,
25,အင်းအမျိုးသားဖွံ့ဖြိုးတိုးတက်ရေးပါတီ,Inn National Development Party,,29.4.2010,၁၅ ဦး,ဦးဝင်းမြင့် ၊ ဦးအောင်ကြည်ဝင်း,4.5.2010,24.5.2010,1.6.2010,အမှတ်စဉ်( ၂၇ ),https://storage.googleapis.com/staticassets/flags-and-logos/25-flag.png,https://storage.googleapis.com/staticassets/flags-and-logos/25-logo.png,ဦးဝင်းမြင့် ၊ ဦးထွန်းအောင်(ထွေ/မှူး),ရှမ်းပြည်နယ်အတွင်း,အမှတ်(၂)၊ မင်္ဂလာရပ်၊ လမ်မတော်လမ်း၊ ညောင်ရွှေမြို့နယ် ၊ ရှမ်းပြည်နယ်။,၀၈၁-၂၀၉၅၉၉၊ ၀၉-၄၂၈၃၁၀၀၁၁(ဥက္ကဌ)၊၀၉-၄၂၈၃၁၀၀၃၇ (ဦးအောင်ကြည်ဝင်း),http://uecmyanmar.org/images/stories/policals_policies/25Inn%20National%20Development%20Party.pdf,,
26,“ဝ”ဒီမိုကရက်တစ်ပါတီ,Wa Democratic Party,,9.4.2010,၁၅ ဦး,ဦးခွန်ထွန်းလူ(ခ)ဦးထွန်းလူ၊ ဦးစိုင်ပေါင်းနပ်,28.4.2010,25.5.2010,2.6.2010,အမှတ်စဉ်( ၂၉ ),https://storage.googleapis.com/staticassets/flags-and-logos/26-flag.png,https://storage.googleapis.com/staticassets/flags-and-logos/26-logo.png,ဦးခွန်ထွန်းလူ(ခ) ဦးထွန်းလူ၊ ဦးစိုင်ပေါင်းနပ်(ထွေ/မှူး),ရှမ်းပြည်နယ်အတွင်း,အမှတ်(ဇ-၄/၇)၊ သိန်းနီလမ်း၊ ရပ်ကွက်(၈)၊ လားရှိုးမြို့နယ်၊ ရှမ်းပြည်နယ်။,၀၈၂-၂၃၅၁၈၊ ၀၈၂-၂၃၈၆၁,http://uecmyanmar.org/images/stories/policals_policies/27Wa%20Democratic%20Party.pdf,,
27,ဖလုံ-စဝေါ် ဒီမိုကရက်တစ်ပါတီ,Phlone-Sqaw Democratic Party,,23.4.2010,၁၅ ဦး,ဦးစောခင်မောင်မြင့် ၊ ဦးစောကြည်လင်း,4.5.2010,27.5.2010,4.6.2010,အမှတ်စဉ်( ၃၀ ),https://storage.googleapis.com/staticassets/flags-and-logos/27-flag.png,https://storage.googleapis.com/staticassets/flags-and-logos/27-logo.png,ဦးစောသိန်းအောင်၊ ဦးစောတင်လှိုင်(တွင်း/မှူး-၁),ပြည်ထောင်စုတစ်ဝန်းလုံး,ငုရွှေဝါလမ်းနှင့်အင်ကြင်း(၂)လမ်းထောင့််၊ အမှတ်(၉)ရပ်ကွက်၊ ဘားအံမြို့၊ ကရင်ပြည်နယ်။,၀၉-၄၂၅၀၂၀၄၉၈(ဥက္ကဌ)၊ ၀၉-၄၂၅၀၃၂၇၁၀၊ ၀၅၈-၂၃၃၃၁(ဒု-ဥက္ကဌ)၊ ၀၅၈-၂၃၃၁၄(ရုံး)၊ ၀၅၈-၂၂၆၃၉၊ ၀၉-၄၉၇၇၀၁၁၅,http://uecmyanmar.org/images/stories/policals_policies/28Phlone-Sqaw%20Democratic%20Party.pdf,,
28,အမျိုးသားဖွံ့ဖြိုးတိုးတက်ရေးဒီမိုကရက်တစ်ပါတီ,National Democratic Party for Development,NDPD,26.4.2010,၂၁ ဦး,ဦးမောင်မောင်နီ၊ ဦးတော်ယူဘေဒ္ဒိန်(ယခင်)၊ ဦးလှသိန်း(ယခု),4.5.2010,27.5.2010,4.6.2010,အမှတ်စဉ်( ၃၁ ),https://storage.googleapis.com/staticassets/flags-and-logos/28-flag.png,https://storage.googleapis.com/staticassets/flags-and-logos/28-logo.png,ဦးမောင်မောင်နီ၊ ဦးမောင်စိန် (တွင်း/မှူး-၃),ပြည်ထောင်စုတစ်ဝန်းလုံး,အမှတ်(၂၀၂/၂၀၆)၊ (၄လွှာ-ယာ)၊ ဗိုလ်ဆွန်ပက်လမ်း၊ ပန်းဘဲတမ်းမြို့နယ်၊ ရန်ကုန်တိုင်းဒေသကြီး။,၀၉-၅၁၃၂၁၂၆(ဦးမောင်မောင်နီ)၊ ၀၉-၅၀၁၃၆၈၃ (ဦးဝင်းထွန်းစိုး)၊ ၀၉-၇၃၀၄၁၆၃၄,http://uecmyanmar.org/images/stories/policals_policies/29National%20Democratic%20Party%20for%20Development.pdf,,
29,ပြည်ထောင်စုကြံ့ခိုင်ရေးနှင့်ဖွံ့ဖြိုးရေးပါတီ,Union Solidarity and Development Party,,29.4.2010,၂၇ ဦး,ဦးသိန်းစိန်၊ ဦးဌေးဦး,4.5.2010,1.6.2010,8.6.2010,အမှတ်စဉ်( ၃၂ ),https://storage.googleapis.com/staticassets/flags-and-logos/29-flag.png,https://storage.googleapis.com/staticassets/flags-and-logos/29-logo-update.jpg,ဦးသန်းဋေး၊ ဦးသက်နိုင်ဝင်း(ထွေ/မှူး),ပြည်ထောင်စုတစ်ဝန်းလုံး,အမှတ်(၅)၊ ရာဇသင်္ဂဟလမ်းနှင့်“စီ” လမ်းထောင့််၊ ဒက္ခိဏသီရိမြို့နယ်၊ နေပြည်တော်။,ဝ၆၇-၄၁၉၂၇၈ (ဦးကျော်သူရ)၊ ဝ၆-၄၁၉၂၆၇ (ဦးဆွေဝင်း)၊ ဝ၆၇-၄၁၉၂၅၃၊ ဝ၆၇-၄၁၉၂၇၁/၄၁၉ဝ၈၃ (ဖက်စ်),http://uecmyanmar.org/images/stories/policals_policies/30/30.1.pdf,,
30,တိုင်းရင်းသားလူမျိုးစုများဖွံ့ဖြိုးရေးပါတီ,Ethnic National Development Party,ENDP,6.5.2010,၁၇ ဦး,ဦးဗန်ကျင်း၊ ဦးနေလောင်း,11.5.2010,8.6.2010,16.6.2010,အမှတ်စဉ်( ၃၃ ),https://storage.googleapis.com/staticassets/flags-and-logos/30-flag.png,https://storage.googleapis.com/staticassets/flags-and-logos/30-logo.png,ဦးဟီးဝါး၊ ဦးဆန်လှေးမန်(ထွေ/မှူး),ချင်းပြည်နယ်အတွင်း,အမှတ်(၁၀၄)၊ စန်ဘောင်ရပ်ကွက်၊ မတူပီမြို့နယ်၊ ချင်းပြည်နယ်။,၀၇၀-၈၀၂၉၀,http://uecmyanmar.org/images/stories/policals_policies/31Ethnic%20National%20Development%20Party.pdf,,
31,ကမန်အမျိုးသားတိုးတက်ရေးပါတီ,Ka Man National Development Party,,25.5.2010,၁၆ ဦး,ဦးဇော်ဝင်း၊ ဦးတင်လှိုင်ဝင်း,3.6.2010,16.6.2010,5.7.2010,အမှတ်စဉ်( ၃၆ ),https://storage.googleapis.com/staticassets/flags-and-logos/31-flag.png,https://storage.googleapis.com/staticassets/flags-and-logos/31-logo.png,ဦးဇော်ဝင်း၊ ဦးတင်လှိုင်ဝင်း,ရခိုင်ပြည်နယ်အတွင်း,အမှတ်(၄၆၀)(၄လွှာ)၊ မြလေးရုံလမ်း၊ မေတ္တာညွန့်ရပ်ကွက်၊ တာမွေမြို့နယ်၊ ရန်ကုန်တိုင်းဒေသကြီး။,၀၉-၇၃၀၆၇၃၁၄၊ ၀၉-၇၃၂၀၅၃၈၀၊ ၀၉-၇၃၂၀၅၃၈၀၊ ၀၉-၇၃၁၀၃၉၈၃(ဒု-ဥက္ကဌ) ၊ ၀၉-၈၆၃၅၇၄၅,http://uecmyanmar.org/images/stories/policals_policies/32Ka%20Man%20National%20Development%20Party.pdf,,
32,ခမီအမျိုးသားဖွံ့ဖြိုးတိုးတက်ရေးပါတီ,Kha Me National Development Party,,17.5.2010,၂၂ ဦး,ဦးဘိုးထွန်း၊ ဦးလေသာကျော်,25.5.2010,21.6.2010,9.7.2010,အမှတ်စဉ်( ၃၇ ),https://storage.googleapis.com/staticassets/flags-and-logos/32-flag.png,https://storage.googleapis.com/staticassets/flags-and-logos/32-logo.png,ဦးစိန်လှကျော်၊ ဦးလေသာကျော်(ထွေ/မှူး),ရခိုင်ပြည်နယ်အတွင်း,အိမ်အမှတ်(၁၁၄)အကွက်(၁)၊ဆင်ကူးလမ်း ရပ်ကွက်၊ စစ်တွေမြို့နယ်၊ ရခိုင်ပြည်နယ်။,၀၉-၄၂၁၀၅၃၁၆၆၊ ၀၄၃-၂၃၃၄၄၊ ၀၄၃-၂၃၀၈၈၊ ၀၉-၄၂၅၃၀၁၈၀၄(ဦးသာဘန်းအောင်),http://uecmyanmar.org/images/stories/policals_policies/33Kha%20Me%20National%20Development%20Party.pdf,,
33,အမျိုးသားဒီမိုကရေစီအင်အားစုပါတီ,National Democratic Force,NDF,27.5.2010,၁၉ ဦး,ဒေါက်တာသန်းငြိမ်း၊ ဦးတိုးပို,14.6.2010,24.6.2010,9.7.2010,အမှတ်စဉ်( ၃၈ ),https://storage.googleapis.com/staticassets/flags-and-logos/33-flag.png,https://storage.googleapis.com/staticassets/flags-and-logos/33-logo.png,ဦးခင်မောင်ဆွေ ၊ ဦးကြည်သန်း (တွင်း/မှူး-၁),ပြည်ထောင်စုတစ်ဝန်းလုံး,အမှတ်(၄၇)၊ ပထမထပ်၊ အနောက်မြင်းပြိုင် ကွင်းလမ်း၊ ဗဟန်းမြို့နယ်၊ ရန်ကုန်တိုင်းဒေသကြီး။,၀၉-၅၀၅၉၆၄၀(ဥက္ကဌ)၊ ၀၉-၅၁၃၇၃၇၃ (တွင်းမှူး/၁)၊၀၉-၂၂၂၈၃၄၇(တွင်းမှူး/၂),http://uecmyanmar.org/images/stories/policals_policies/34National%20Democratic%20Force%20NDF.pdf,,
34,စည်းလုံးညီညွတ်ရေးနှနှင့်ဒီမိုကရေစီပါတီ ကချင်ပြည်နယ်(စဒက),Unity and Democracy Party of Kachin State,UDPKS,2.7.2010,၁၅ ဦး,ဦးခက်ထိန်နန်၊ ဦးဖော်လားကမ်ဖန်,16.7.2010,23.7.2010,2.8.2010,အမှတ်စဉ်( ၄၀ ),https://storage.googleapis.com/staticassets/flags-and-logos/34-flag.png,https://storage.googleapis.com/staticassets/flags-and-logos/34-logo.png,ဦးခက်ထိန်နန်၊ ဒေါ်ဒွဲဘူ,ကချင်ပြည်နယ်အတွင်း,အမှတ်(၂၃၈/ခ)၊ ပြည်ထောင််စုလမ်းမကြီး (ရွှေပြည်စံခန်းမဘေး)၊ ယုဇနရပ်ကွက်၊ မြစ်ကြီးနားမြို့၊ ကချင်ပြည်နယ်။,၀၉-၈၆၁၂၃၅၆၊ ၀၉-၉၀၄၁၄၈၆,http://uecmyanmar.org/images/stories/policals_policies/35/35.1.pdf,,
35,ကရင်ပြည်နယ်ဒီမိုကရေစီနှနှင့်ဖွံ့ဖြိုးတိုးတက်ရေးပါတီ,Kayin State Democracy and Development  Party,KSDPP,11.8.2010,၂၇ ဦး,ဦးစောသာထူးကျော်၊ ဦးစောအောင်ငွေ,12.8.2010,12.8.2010,19.8.2010,အမှတ်စဉ်( ၄၁ ),https://storage.googleapis.com/staticassets/flags-and-logos/35-flag.png,https://storage.googleapis.com/staticassets/flags-and-logos/35-logo.png,ဦးစောသာထူးကျော်၊ ဦးစောသန်းမြ,ကရင်ပြည်နယ်အတွင်း,အမှတ်(၇)ရပ်ကွက်၊ ဦးအောင်မြတ်လမ်း၊ ဘားအံမြို့၊ ကရင်ပြည်နယ်။,၀၉-၈၇၃၀၄၃၈(ဦးစောသန်းမြ),http://uecmyanmar.org/images/stories/policals_policies/36Kayin%20State%20Democracy%20and%20Development%20Party%20KSDDP.pdf,,
36,အမျိုးသားဖွံ့ဖြိုးတိုးတက်ရေးနှင့်ငြိမ်းချမ်းရေးပါတီ,National Development and Peace Party,NDPP,16.7.2010,၁၈ ဦး,ဦးအလီဟူဆိန်၊ ဦးမာမောက်ဆော်လိမ်,29.7.2010,16.8.2010,24.8.2010,အမှတ်စဉ်( ၄၂ ),https://storage.googleapis.com/staticassets/flags-and-logos/36-flag.png,https://storage.googleapis.com/staticassets/flags-and-logos/36-logo.png,ဦးမာမောက်ဆော်လိမ်၊ ဦးအောင်ဝင်း(ထွေ/မှူး),ပြည်ထောင်စုတစ်ဝန်းလုံး,အမှတ်(၁၇/၁၉)၊ ပထမထပ်(ဝဲ)ခန်း၊ (၁၀၀)လမ်း၊ လွတ်လပ်ရေးရပ်ကွက်၊ မင်္ဂလာတောင်ညွန့်မြို့နယ်၊ ရန်ကုန်တိုင်းဒေသကြီး။,၀၉-၅၁၄၁၂၃၇၊ ၀၉-၅၁၇၄၄၆၁၊ ၀၉-၇၃၁၂၇၉၁၄၊ ၀၉-၇၃၁၁၇၀၀၁,http://uecmyanmar.org/images/stories/policals_policies/37National%20Development%20and%20Peace%20Party.pdf,,
37,ပြည်သူ့ဒီမိုကရေစီပါတီ,People Democracy Party,,13.6.2011,၁၆ ဦး,ဒေါက်တာသန်းထိုက်ဦး၊ ဦးအောင်မြင့်,20.7.2011,3.8.2011,23.9.2011,အမှတ်စဉ်( ၄၃ ),https://storage.googleapis.com/staticassets/flags-and-logos/37-flag.png,https://storage.googleapis.com/staticassets/flags-and-logos/37-logo.png,ဒေါက်တာသန်းထိုက်ဦး ၊ ဦးအောင်မြင့်(ထွေ/မှူး),ပြည်ထောင်စုတစ်ဝန်းလုံး,အမှတ်(၃၉/ခ)၊ ရေသန့်ရပ်၊ တံခွန်တိုင်ရပ်ကွက်၊ ပြည်ကြီးတံခွန်မြို့နယ်၊ မန္တလေးတိုင်းဒေသကြီး။,၀၉-၄၃၁၇၆၀၈၀၊ ၀၂-၅၁၅၄၉၀၂၊ ၀၉-၄၃၀၁၁၄၅၆(ဦးသန်းထိုက်ဦး)၊ ၀၉-၄၃၀၆၀၉၁၀(ဦးအောင်မြနှင့်),http://uecmyanmar.org/images/stories/policals_policies/38People%20Democracy%20Party.pdf,,
38,အမျိုးသားဒီမိုကရေစီပါတီသစ် ပါတီ,New National Democracy Party,,4.7.2011,၂၀ ဦး,ဦးသိန်းညွန့်၊ ဦးကြည်မြနှင့် (ယခင်)၊ ဦးကျော် (ယခု),23.8.2011,8.9.2011,4.10.2011,အမှတ်စဉ်( ၄၄ ),https://storage.googleapis.com/staticassets/flags-and-logos/38-flag.png,https://storage.googleapis.com/staticassets/flags-and-logos/38-logo.png,ဦးသိန်းညွန့်၊ ဦးကျော်(တွင်း/မှူး),ပြည်ထောင်စုတစ်ဝန်းလုံး,အမှတ်(၇၂)၊လေးဒေါနှင့်ကန်လမ်း၊ (ဇ/မြောက်ရပ်ကွက်)သင်္ကန်းကျွန်းမြို့နယ်၊ ရန်ကုန်တိုင်းဒေသကြီး။,၀၉-၇၃၀၉၅၆၂၈ (ဦးသိန်းညွန့်)၊ ၀၉-၇၃၀၀၅၂၆၇ (ဦးဝင်းရွှေ)၊ ၀၉-၇၃၀၂၀၈၁၃,http://uecmyanmar.org/images/stories/policals_policies/39New%20National%20Democracy%20Party.pdf,,
39,ဗမာပြည်သူ့ပါတီ,Bamar People`s Party,,12.7.2011,၁၆ ဦး,ဦးအုန်းလွင်(နုတ်ထွက်)၊ ဦးထွန်းရွှေ (ကွယ်လွန်),2.9.2011,5.9.2011,14.10.2011,အမှတ်စဉ်( ၄၆ ),https://storage.googleapis.com/staticassets/flags-and-logos/39-flag.png,https://storage.googleapis.com/staticassets/flags-and-logos/39-logo.png,ဦးအောင်သန်းတင့်၊ ဦးသက်ဦး(ထွေ/မှူး),ပြည်ထောင်စုတစ်ဝန်းလုံး,အမှတ်(၁၀)၊ဂေါသကလမ်း၊ သာယာကုန်း ရပ်ကွက်၊ မင်္ဂလာတောင်ညွန့်မြို့နယ်၊ ရန်ကုန်တိုင်းဒေသကြီး။,ဦးထွန်းရွှေ(၀၁-၂၉၆၆၉၃၊ ၀၁-၅၅၃၆၄၄),http://uecmyanmar.org/images/stories/policals_policies/40Party%20for%20Unity%20and%20Peace.pdf,,
40,အမျိုးသားဒီမိုကရေစီအဖွဲ့ချုပ်ပါတီ,National League for Democracy,,25.11.2011,၂၁ ဦး,ဦးတင်ဦး၊ ဒေါ်အောင်ဆန်းစုကြည်,12.12.2011,23.12.2011,5.1.2012,အမှတ်စဉ်( ၄၇ ),https://storage.googleapis.com/staticassets/flags-and-logos/40-flag.png,https://storage.googleapis.com/staticassets/flags-and-logos/40-logo.png,ဒေါ်အောင်ဆန်းစုကြည်၊ ဦးဉာဏ်ဝင်း,ပြည်ထောင်စုတစ်ဝန်းလုံး,အမှတ်(၉၇/ခ)၊အနောက်ရွှေဂုံတိုင်လမ်း၊ ဗဟန်း မြို့နယ် ၊ ရန်ကုန်တိုင်းဒေသကြီး။,၀၉-၅၁၅၉၄၅၇ (PSO)၊ ၀၉-၅၁၇၉၂၄၇(ဦးဉာဏ်ဝင်း)၊ ၀၁-၅၅၅၁၅၆ (ရုံးဖုန်း/ဖက်စ်),http://uecmyanmar.org/images/stories/policals_policies/41National%20League%20for%20Democracy.pdf,,
41,မြန်မာ့လူ့ဘောင်သစ်ဒီမိုကရက်တစ်ပါတီ,Democracy Party For Myanmar New Society,,2.11.2011,၁၈ ဦး,ဦးဇင်အောင်၊ ဦးသိန်းထွန်း,6.12.2011,23.12.2011,16.1.2012,အမှတ်စဉ်( ၄၉ ),https://storage.googleapis.com/staticassets/flags-and-logos/41-flag.png,https://storage.googleapis.com/staticassets/flags-and-logos/41-logo.png,ဦးဇင်အောင်၊ ဦးသိန်းထွန်း(ထွေ/မှူး),ပြည်ထောင်စုတစ်ဝန်းလုံး,အမှတ်(၆)၊ ထန်းပင်ကုန်းလမ်းမကြီး၊ ထန်းပင်ကုန်းရပ်ကွက်၊ သန်လျင်မြို့နယ်၊ ရန်ကုန်တိုင်းဒေသကြီး။,၀၉-၄၂၅၀၁၉၄၅၀ (ဥက္ကဌ)၊ ၀၅၆-၂၁၉၈၀,http://uecmyanmar.org/images/stories/policals_policies/42Democratic%20Party%20For%20Myanmar%20New%20Society.pdf,,
42,မြန်မာအမျိုးသားကွန်ဂရက်ပါတီ,Myanmar National Congress,,21.11.2011,၁၈ ဦး,ဦးကောင်းမြင့်ထွဋ်၊ ဦးတင်အေး,20.12.2011,3. 1.2012,23. 1.2012,အမှတ်စဉ်( ၅၀ ),https://storage.googleapis.com/staticassets/flags-and-logos/42-flag.png,https://storage.googleapis.com/staticassets/flags-and-logos/42-logo.png,ဦးကောင်းမြတ်ထွဋ်၊ ဦးတင်အောင်(ထွေ/မှူး),ပြည်ထောင်စုတစ်ဝန်းလုံး,အမှတ်(၈၄-က)၊ ဒေါ်သိန်းတင်လမ်း၊ ကန်တော် လေးမြောက်ရပ်ကွက်၊ မင်္ဂလာတောင်ညွန့်မြို့နယ် ၊ ရန်ကုန်တိုင်းဒေသကြီး။,၀၉-၄၉၂၈၀၀၉၇ (ဦးကောင်မြနှင့်ထွဋ်)၊ ၀၁-၃၉၄၈၂၈၊ ၀၁-၃၉၁၁၅၈(ရုံး),http://uecmyanmar.org/images/stories/policals_policies/43Myanmar%20National%20Congress.pdf,,
43,ကရင်ဒီမိုကရက်တစ်ပါတီ,Kayin Democratic Party,,28.11.2011,၁၅ ဦး,ဦးစောသန်းကျော်ဦး၊ စောရဲဝင်းနိုင်,23.12.2011,5. 1.2012,1. 2.2012,အမှတ်စဉ်( ၅၁ ),https://storage.googleapis.com/staticassets/flags-and-logos/43-flag.png,https://storage.googleapis.com/staticassets/flags-and-logos/43-logo.png,စောရှားထွန့်ဖေါင်(ကွယ်လွန်) ၊ စတင်းတင်း(တွင်း/မှူး),ကရင်ပြည်နယ်အတွင်း,အမှတ်(၂၅၄)၊ ဗိုလ်ချုပ်လမ်းမကြီး၊ အမှတ် (၉)ရပ်ကွက်(ရေကျော်)၊ ဘားအံမြို့နယ် ၊ ကရင်ပြည်နယ်။,၀၉-၄၉၇၇၇၂၃၁၈ (စောသန်းကျော်ဦး),http://uecmyanmar.org/images/stories/policals_policies/44Kayin%20Democratic%20Party.pdf,,
44,မြိုတိုင်းရင်းသားပါတီ,Mro Nationality Party,,13.12.2011,၁၉ ဦး,ဦးအေးထွန်း၊ ဦးအနု,24.1.2012,10.2.2012,28. 2.2012,အမှတ်စဉ်( ၅၂ ),https://storage.googleapis.com/staticassets/flags-and-logos/44-flag.png,https://storage.googleapis.com/staticassets/flags-and-logos/44-logo.png,ဦးအေးထွန်း၊ ဦးမင်းအောင်,ရခိုင်ပြည်နယ်အတွင်း,အမှတ်(၄)ရပ်ကွက်၊ သပြေကုန်း၊ ဘူးသီးတောင် မြို့ ၊ ရခိုင်ပြည်နယ်။,၀၉-၄၂၅၃၀၁၈၀၄ (ဦးသာဘန်းအောင်မှ တစ်ဆင့် ဆက်သွယ်ရန်),http://uecmyanmar.org/images/stories/policals_policies/45Mro%20Nationality%20Party.pdf,,
45,တိုင်းလိုင် ( ရှမ်းနီ ) အမျိုးသားများဖွံ့ဖြိုးတိုးတက်ရေးပါတီ,Tai-Leng Nationalities Development Party,T.N.D.P,20.1.2012,၁၈ ဦး,ဦးဌေးအောင်၊ ဦးစောဝင်းထွန်း,16.2.2012,8.3.2012,10.5.2012,အမှတ်စဉ်( ၅၃ ),https://storage.googleapis.com/staticassets/flags-and-logos/45-flag.png,https://storage.googleapis.com/staticassets/flags-and-logos/45-logo.png,ဦးစိုင်းဌေးအောင် ၊ ဦးစိုင်းအုန်းအုန်း(ထွေ/မှူး),ပြည်ထောင်စုတစ်ဝန်းလုံး,တ-၂/၈၅ မြို့သစ် (၁) ရပ်ကွက်၊ ချမ်းမြ သာစည်မြို့နယ်၊ မန္တလေးတိုင်းဒေသကြီး ။,၀၉-၄၇၀၁၅၅၄၃ (ဦးစိုင်းဌေးအောင်)၊ ၀၉-၂၀၁၆၉၁၆ (ဦးစောဝင်းထွန်း),http://uecmyanmar.org/images/stories/policals_policies/46Tai-Leng%20Nationalities%20Development%20Party%20T.N.D.P.pdf,,
46,အရှိုချင်းအမျိုးသားပါတီ,Asho Chin National Party,,15.2.2012,၁၇ ဦး,ဆလိုင်းအောင်မင်းလှိုင်၊ ဆလိုင်းဟန်ကြည်,7.5.2012,16.5.2012,5.6.2012,အမှတ်စဉ်( ၅၅ ),https://storage.googleapis.com/staticassets/flags-and-logos/46-flag.png,https://storage.googleapis.com/staticassets/flags-and-logos/46-logo.png,ဦးဆလိုင်းဟန်ကြည် ၊ ဦးဆလိုင်းအောင်မင်းလှိုင်(ထွေ/မှူး),ပြည်ထောင်စုတစ်ဝန်းလုံး,အခန်း(၅၂)၊ (၇)လွှာ၊ တိုက်အမှတ်(၁၂၀)၊ ရန်ကုန်-အင်းစိန်လမ်း၊ (၉)ရပ်ကွက်၊ လှိုင်မြို့နယ်၊ ရန်ကုန်တိုင်းဒေသကြီး ။,၀၉-၅၀၄၃၇၀၉၊ ၀၁-၆၄၆၉၅၄ (ဦးဆလိုင်းအောင်မင်းလှိုင်),http://uecmyanmar.org/images/stories/policals_policies/48%20Asho%20Chin%20National%20Part.pdf,,
47,ရှမ်းတိုင်းရင်းသားများဒီမိုကရေစီအဖွဲ့ချုပ်ပါတီ,Shan Nationalities League for Democracy,,16.3.2012,၁၅ ဦး,ဦးခွန်ထွန်ဦး၊ ဦးစိုင်းညွန့်လွင်,8.5.2012,23.5.2012,12.6.2012,အမှတ်စဉ်( ၅၆ ),https://storage.googleapis.com/staticassets/flags-and-logos/47-flag.png,https://storage.googleapis.com/staticassets/flags-and-logos/47-logo.png,ဦးခွန်ထွန်းဦး၊ ဦးစိုင်းညွန့်လွင်(ထွေ/မှူး),ပြည်ထောင်စုတစ်ဝန်းလုံး,အမှတ်(၂၆)၊ ပြည်လမ်း၊ (၉)မိုင်၊ (၅)ရပ်ကွက် မရမ်းကုန်းမြို့နယ်၊ ရန်ကုန်တိုင်းဒေသကြီး ။,၀၉-၇၃၂၂၅၅၆၄ (ဦးခွန်ထွန်းဦး)၊ ၀၉-၇၃၂၄၁၅၈၇ ဦးစိုင်းညွန့်လွင်,http://uecmyanmar.org/images/stories/policals_policies/49Shan%20Nationalities%20League%20for%20Democracy.pdf,,
48,ဓနုတိုင်းရင်းသားလူမျိုးများဒီမိုကရေစီပါတီ,Danu National Democracy Party,,3.5.2012,၂၇ ဦး,ဦးမြသန်း၊ ဦးအောင်သိန်း,1.6.2012,14.6.2012,3.7.2012,အမှတ်စဉ်( ၅၇ ),https://storage.googleapis.com/staticassets/flags-and-logos/48-flag.png,https://storage.googleapis.com/staticassets/flags-and-logos/48-logo.png,ဦးမြသန်း၊ ဦးကျော်ဇော(တွင်း/မှူး-၁),ရှမ်းပြည်နယ်အတွင်း,လူဝင်မှု ကြီးကြပ်ရေးနှင အမျိုးသား မှတ်ပုံတင်ရေး ဦးစီးဌာနရုံး အနီး၊ ဗထူးလမ်း၊ စျေးတန်းရပ် ၊ ရွာငံမြို့နယ် ၊ ရှမ်းပြည်နယ်။,၀၉-၄၉၃၅၉၀၀၈(ဦးမြသန်း)၊ ၀၉-၄၉၃၅၉၆၅၅ ဦးကိုကို၊ ၀၉-၄၉၅၉၇၃၉၈(ဦးရဲလွင်ဦး)၊ ၀၉-၄၉၂၅၀၂၆၄,http://uecmyanmar.org/images/stories/policals_policies/50Danu%20National%20Democracy%20Party.pdf,,
49,မွန်အမျိုးသားပါတီ,Mon National Party,,26.4.2012,၁၅ ဦး,ဦးသက်လွင်၊ ဦးနိုင်စိုးမြနှင့်(ခ)နိုင်တိုက်ပွန်,30.5.2012,7.6.2012,10.7.2012,အမှတ်စဉ်( ၅၈ ),https://storage.googleapis.com/staticassets/flags-and-logos/49-flag.png,https://storage.googleapis.com/staticassets/flags-and-logos/49-logo.png,ဦးနိုင်ငွေသိန်း၊ ဒေါက်တာ မင်းစိုးလင်း(ထွေ/မှူး),ပြည်ထောင်စုတစ်ဝန်းလုံး,အမှတ်(၁၈၁)၊ ရာဇာဓိရာဇ်လမ်း၊ မြိုင်သာယာရပ်ကွက်၊ မော်လမြိုင်မြို့နယ်၊  မွန်ပြည်နယ်။,၀၉-၄၉၈၀၇၇၇၇(ဦးနိုင်စိုးမြနှင့်)၊ ၀၅၇-၃၀၂၁၃ ၀၉-၄၉၈၀၁၅၈၁(ဦးနိုင်စံလှိုင်)၊ ၀၉၇၃၀၁၉၈၃၆  (ဦးနိုင်ငွေသိန်း)၊ ၀၉-၄၄၉၀၀၄၄၇၀။,http://uecmyanmar.org/images/stories/policals_policies/51Mon%20Democracy%20Party.pdf,,
50,ဇိုမီးဒီမိုကရေစီအဖွဲ့ချုပ်ပါတီ,Zomi Congress for Democracy,,8.3.2012,၁၇ ဦး,ဦးဂင့်ကမ်းလျန်၊ ဦးဇမ်ဇမုန်,5.7.2012,26.7.2012,17.8.2012,အမှတ်စဉ်( ၅၉ ),https://storage.googleapis.com/staticassets/flags-and-logos/50-flag.png,https://storage.googleapis.com/staticassets/flags-and-logos/50-logo.png,ဦးပူကျင့်ရှင်းထန် ၊ ပူဇမ်ဇမုန်(တွင်း/မှူး),ပြည်ထောင်စုတစ်ဝန်းလုံး,အမှတ်(၁၄၃)၊ ၅လွှာ၊ (၃၇) လမ်း၊ ကျောက်တံတားမြို့နယ်၊ ရန်ကုန်တိုင်းဒေသကြီး။,၀၉-၄၃၀၆၅၆၂၄ (ဦးဂနှင့်ကမ်းလျန်)၊ ၀၁-၃၉၇၃၈၉,http://uecmyanmar.org/images/stories/policals_policies/52%20Zomi%20Congress%20for%20Democracy.pdf,,
51,ရှမ်းပြည်ကိုးကန့်ဒီမိုကရက်တစ်ပါတီ,Shan State Kokang Democratic Party,,4.6.2012,၁၇ ဦး,ဦးအန်တိုနီစူ၊ ဦးဆူဝမ်းကွီး,18.7.2012,14.8.2012,31.8.2012,အမှတ်စဉ်( ၆၀ ),https://storage.googleapis.com/staticassets/flags-and-logos/51-flag.png,https://storage.googleapis.com/staticassets/flags-and-logos/51-logo.png,ဦးအန်တိုနီစူ၊ ဦးလှသိန်း,ရှမ်းပြည်နယ်အတွင်း,ကြည်ရှန်လမ်း၊ ရပ်ကွက်(၁)၊ တုံချန်၊ လောက်ကိုင်မြို့၊ ရှမ်းပြည်နယ်။,၀၉-၄၀၂၆၁၂၈၆၈ (ဦးမိုးထွန်း)၊ ၀၉-၄၃၁၈၉၄၈၆,http://uecmyanmar.org/images/stories/policals_policies/53Shan%20State%20Kokang%20Democratic%20Party.pdf,,
52,မြန်မာနိုင်ငံတောင်သူလယ်သမားဖွံ့ဖြိုးတိုးတက်ရေးပါတီ,Myanmar Farmer’s Development Party,,22.8.2012,၁၈ ဦး,ဦးကျော်စွာစိုး(ခ)ဦးကျော်စွာအောင်၊ ဦးချစ်ဦး,24.9.2012,11.10.2012,6.11.2012,အမှတ်စဉ်( ၆၁ ),https://storage.googleapis.com/staticassets/flags-and-logos/52-flag.png,https://storage.googleapis.com/staticassets/flags-and-logos/52-logo.png,ဦးကျော်စွာစိုး(ခ) ဦးကျော်စွာအောင်၊ ဒေါ်ခင်သန်းဦး,ပြည်ထောင်စုတစ်ဝန်းလုံး,ခြံ-၂၂၊ ၁၆၆ လမ်း၊ တာမွေကြီးရပ်ကွက်၊ တာမွေမြို့နယ်၊ ရန်ကုန်တိုင်းဒေသကြီး။,၀၉-၅၁၇၇၇၁၄ (ဦးကျော်စွာစိုး)၊ ၀၁-၅၄၃၀၆၃,http://uecmyanmar.org/images/stories/policals_policies/54%20Myanmar%20Farmers%20Development%20Party.pdf,,
53,အမျိုးသားညီညွတ်ရေးကွန်ဂရက်ပါတီ,National Unity Congress Party,,13.2.2012,၁၇ ဦး,ဦးမြင့်ဝေ၊ ဦးမောင်စိုး,15.10.2012,12.11.2012,28.2.2013,အမှတ်စဉ်( ၆၂ ),https://storage.googleapis.com/staticassets/flags-and-logos/53-flag.png,https://storage.googleapis.com/staticassets/flags-and-logos/53-logo.png,ဦးမြင့်ဝေ၊ ဦးမောင်စိုး,ပြည်ထောင်စုတစ်ဝန်းလုံး,အမှတ်(၂၈-A)၊ ပထမထပ်၊ မအူကုန်းလမ်းကျယ်၊ တာမွေမြို့နယ်၊ ရန်ကုန်တိုင်းဒေသကြီး။,၀၁-၅၂၅၅၃၇ (ဦးမြင့်ဝေ)၊ ၀၉-၆၈၁၂၁၈၀၊ ၀၁-၃၈၈၁၀ (ဦးမောင်စိုး),http://uecmyanmar.org/images/stories/policals_policies/55National%20Unity%20Congress%20Party.pdf,,
54,ဒီမိုကရေစီနှင့်လူ့အခွင့်အရေးပါတီ,Democracy and Human Rights Party,,26.4.2012,၂၂ ဦး,ဦးကျော်မင်း(ခ)မာမောက်ရှောင်ရှူအာနောရူလာဟောက်၊ ဦးခင်ဇော်,19.10.2012,5.11.2012,12.  3.2013,အမှတ်စဉ်( ၆၃ ),https://storage.googleapis.com/staticassets/flags-and-logos/54-flag.png,https://storage.googleapis.com/staticassets/flags-and-logos/54-logo.png,ဦးကျော်မင်း(ခ)မာမောက်ရှောင်ရှူအာနောရူလာဟောက်၊ ဦးကျော်စိုးအောင်(တွင်း/မှူး),ပြည်ထောင်စုတစ်ဝန်းလုံး,အမှတ်(၁၁၆/၁၁၈) ၊ ၆ လွှာ(B)၊ ဘိုကလေးစျေးလမ်း၊ (၈) ရပ်ကွက်၊ ဗိုလ်တထောင်မြို့နယ်၊ ရန်ကုန်တိုင်းဒေသကြီး။,၀၉-၅၀၀၇၃၄၈၊ ၀၁-၆၆၇၈၈၀ (ဦးခင်ဇော်)၊ ၀၉-၇၃၂၄၇၈၈၇(ဦးကျော်မင်း),http://uecmyanmar.org/images/stories/policals_policies/56Democracy%20and%20Human%20Rights%20Party.pdf,,
55,လူမျိုးပေါင်းစုံဒီမိုကရေစီပါတီ(ကယားပြည်နယ်),All Nationals' Democracy Party Kayah State,AND,6.5.2013,၁၇ ဦး,ဦးဖိုးရယ် ၊ ဦးဆော်လမွန်,12.6.2013,27.6.2013,1.8.2013,အမှတ်စဉ်( ၆၄ ),https://storage.googleapis.com/staticassets/flags-and-logos/55-flag.png,https://storage.googleapis.com/staticassets/flags-and-logos/55-logo.png,ဦးဖိုးရယ် ၊ ဦးရှေးဖဲ,ကယားပြည်နယ်အတွင်း,န/၁၀၁၊သီရိဒေါလမ်း၊ နောင်ယား(က)ရပ်ကွက်၊ လွိုင်ကော်မြို့နယ်၊ ကယားပြည်နယ်။,၀၈၃-၄၀၂၅၁(ဦးဖိုးရယ်)၊ ၀၉-၄၂၈၀၀၆၆၀၃(ဦးဆော်လမွန်),http://uecmyanmar.org/images/stories/policals_policies/57/57.1.pdf,,
56,ကယားလူမျိုးစုဒီမိုကရေစီပါတီ,Kayah Unity Democracy Party,KUDP,10.4.2013,၁၆ ဦး,ဦးစောဒယ်နီယယ် ၊ ဦးနိုင်နိုင်ထွေး,11.6.2013,28.6.2013,9.8.2013,အမှတ်စဉ်( ၆၅ ),https://storage.googleapis.com/staticassets/flags-and-logos/56-flag.png,https://storage.googleapis.com/staticassets/flags-and-logos/56-logo.png,ဦးစောဒယ်နီယယ် ၊ ဦးစိုင်းနိုင်နိုင်ထွေး,ကယားပြည်နယ်အတွင်း,အမှတ်(၄၇)၊ ဟော်ကြီးလမ်း၊ မင်္ဂလာရပ်ကွက်၊ လွိုင်ကော်မြို့နယ်၊ ကယားပြည်နယ်။,၀၉-၄၉၃၅၄၃၅၁(ဦးစောဒယ်နီယယ်) ၊ ၀၉-၄၉၄၀၃၀၅၄ (ဦးထွန်းကြိုင်),http://uecmyanmar.org/images/stories/policals_policies/58Kayah%20Unity%20Democracy%20Party%20KUDP.pdf,,
57,အမျိုးသားတိုးတက်မြင့်မားရေးပါတီ,National Prosperity Party,,30.4.2013,၁၉ဦး,ဦးအောင်နိုင်ထွန်း ၊ ဦးဇေယျာဝင်းမြင့်,17.9.2013,17.10.2013,4.12.2013,အမှတ်စဉ်( ၆၆ ),https://storage.googleapis.com/staticassets/flags-and-logos/57-flag.png,https://storage.googleapis.com/staticassets/flags-and-logos/57-logo.png,0,ပြည်ထောင်စုတစ်ဝန်းလုံး,အမှတ်(၁၇)၊ တတိယထပ်၊ မလွှကုန်းလမ်း၊ ကျောက်မြောင်းရပ်ကွက်၊တာမွေမြို့နယ်,၀၉-၄၉၃၆၄၂၃၂ ၊ ၀၉-၄၂၈၀၃၄၃၆၃,http://uecmyanmar.org/images/stories/policals_policies/59National%20Prosperity%20Party.pdf,,
58,ကချင်ပြည်နယ်ဒီမိုကရေစီပါတီ,Kachin State Democracy Party,,28.8.2013,၁၇ဦး,ဦးမနာမ်တူးဂျာ ၊ ဦးဇော်မိုးနော်,30.10.2013,11.11.2013,10.12.2013,အမှတ်စဉ်( ၆၇ ),https://storage.googleapis.com/staticassets/flags-and-logos/58-flag.png,https://storage.googleapis.com/staticassets/flags-and-logos/58-logo.png,0,ကချင်ပြည်နယ်အတွင်း,အမှတ်(၃၈၆)၊ ယုဇနရပ်ကွက်၊မြစ်ကြီးနားမြို့နယ်၊ကချင်ပြည်နယ်,၀၉-၂၄၀၀၃၈၆၊ ၀၉-၄၀၀၀၂၁၅၃၀,http://uecmyanmar.org/images/stories/policals_policies/60%20Kachin%20State%20Democracy%20Party.pdf,,
59,ကချင်အမျိုးသားများဒီမိုကရေစီကွန်ဂရက်ပါတီ,The Kachin National Congress for Democracy,,8.8.2013,၁၉ဦး,ဦးစီစီနော်ဂျာ၊ ဦးအောင်လ,22.10.2013,11.11.2013,11.12.2013,အမှတ်စဉ်( ၆၈ ),https://storage.googleapis.com/staticassets/flags-and-logos/59-flag.png,https://storage.googleapis.com/staticassets/flags-and-logos/59-logo.png,0,ကချင်ပြည်နယ်အတွင်း,အမှတ်(၃၂၇)၊ ဒူကထောင်ရပ်ကွက်၊မြစ်ကြီးနားမြို့နယ်၊ကချင်ပြည်နယ်,၀၉-၄၀၀၀၂၆၂၀၈,http://uecmyanmar.org/images/stories/policals_policies/61%20The%20Kachin%20National%20Congress%20for%20Democracy.pdf,,
60,လီဆူအမျိုးသားဖွံ့ဖြိုးတိုးတက်ရေးပါတီ(ဒူးလေးပါတီ),Lisu National Development Party,L.N.P.P,14.8.2013,၁၇ဦး,ဦးအားခီဒါဝူ,29.10.2013,14.11.2013,17.12.2013,အမှတ်စဉ်( ၆၉ ),https://storage.googleapis.com/staticassets/flags-and-logos/60-flag.png,https://storage.googleapis.com/staticassets/flags-and-logos/60-logo.png,0,ပြည်ထောင်စုတစ်ဝန်းလုံး,အမှတ် (၂၈၅) ၊ နိဗ္ဗာန်လမ်း ၊ အိုးလုပ်ရပ် ၊ ထားဝယ်မြို့ ၊ တနင်္သာရီတိုင်းဒေသကြီး။,၀၉-၄၇၀၁၀၀၆၁၊ ၀၇၄-၂၈၁၉၂,http://uecmyanmar.org/images/stories/policals_policies/62%20Lisu%20National%20Development%20Party.pdf,,
61,ထားဝယ်တိုင်းရင်းသားများပါတီ,Dawei Nationalities Party,,16.7.2013,၁၉ဦး,ဦးမောင်မောင်အေး၊ ဦးသန်းဆွေ,23.10.2013,20.11.2013,17.12.2013,အမှတ်စဉ်( ၇၀ ),https://storage.googleapis.com/staticassets/flags-and-logos/61-flag.png,https://storage.googleapis.com/staticassets/flags-and-logos/61-logo.png,0,ပြည်ထောင်စုတစ်ဝန်းလုံး,အမှတ်(၈၇)၊ အလယ်လမ်း၊ခုံဝင်းဒပ်ရပ်၊ထားဝယ်မြို့နယ်၊တနင်္သာရီတိုင်းဒေသကြီး,၀၉-၈၅၉၅၃၅၇၊ ၀၉-၇၃၁၃၂၃၁၇၊ ၀၉-၄၃၁၂၁၀၅၈,http://uecmyanmar.org/images/stories/policals_policies/63%20Dawei%20Nationalities%20Party.pdf,,
62,ဖက်ဒရယ်ပြည်ထောင်စုပါတိ,Federal Union Party,,8.8.2013,၁၇ဦး,ဦးကမ်ကျင်ဒါးလ် ၊ ဦးစောသန်းမြင့်,28.10.2013,19.11.2013,24.12.2013,အမှတ်စဉ်( ၇၁ ),https://storage.googleapis.com/staticassets/flags-and-logos/62-flag.png,https://storage.googleapis.com/staticassets/flags-and-logos/62-logo.png,0,ပြည်ထောင်စုတစ်ဝန်းလုံး,အမှတ်(၁၅)၊ ၆ လွှာ၊ ဝဲဘက်အခန်း၊ လှိုင်မြစ်လမ်း(ကမာရွတ် ဘူတာရုံလမ်း)၊ကမာရွတ်မြို့နယ်၊ ရန်ကုန်တိုင်းဒေသကြီး,၀၉-၄၉၃၄၇၅၁၈၊ ၀၉-၂၀၄၂၉၉၆၊ ၀၉-၄၂၅၃၀၁၅၀၀,http://uecmyanmar.org/images/stories/policals_policies/64%20Federal%20Union%20Party.pdf,,
63,ကချင်ဒီမိုကရက်တစ်ပါတီ,Kachin Democratic Party,,4.9.2013,၁၇ ဦး,ဦးကွမ်ဂေါင်အောင်ခမ်း၊ ဦးဇော်ဘန်း,29.11.2013,10.12.2013,13.1.2014,အမှတ်စဉ်( ၇၂ ),https://storage.googleapis.com/staticassets/flags-and-logos/63-flag.png,https://storage.googleapis.com/staticassets/flags-and-logos/63-logo.png,0,ကချင်ပြည်နယ်အတွင်း,အမှတ် (၁၂)၊ ၅ လွှာ (အေ)၊ မြဝတီလမ်း၊ မြေနီကုန်း(မြောက်)ရပ်ကွက်၊ စမ်းချောင်းမြို့နယ်,၀၉-၄၂၀၀၅၈၈၆၃( ဥက္ကဌ ),http://uecmyanmar.org/images/stories/policals_policies/65kachin%20Demoratic%20Party.pdf,,
64,ပြည်ထောင်စုပအိုဝ်းအမျိုးသားအဖွဲ့ချုပ် (ပ.အ.မ.ဖ)ပါတီ,Union Pa.O National Organization,,12.9.2013,ဦးခွန်အောင်စစ်ပါ (၁၅)ဦး,ဦးခွန်အောင်စစ်၊ ဦးခွန်စိုးမြင့်,18.1.2013,6.12.2013,23.1.2014,အမှတ်စဉ်( ၇၃ ),https://storage.googleapis.com/staticassets/flags-and-logos/64-flag.png,https://storage.googleapis.com/staticassets/flags-and-logos/64-logo.png,0,ပြည်ထောင်စုတစ်ဝန်းလုံး,အိမ်အမှတ် (ည/၁၀၉၄)၊ နယ်မြေ (၃)၊ အနောက်မြို့ပတ်လမ်း၊ ညောင်ဖြူ စခန်း ရပ်ကွက်၊ တောင်ကြီးမြို့,၀၉-၄၂၀၀၉၁၀၇၉(ဥက္ကဌ),http://uecmyanmar.org/images/stories/policals_policies/66Union%20Pao%20National%20Organization123.rar,,
65,ရခိုင်အမျိုးသားပါတီ,Arakan National Party,,8.11.2013,၃၀ ဦး,ဦးအေးသာအောင်၊ဒေါက်တာ အေးမောင်,13.1.2013,27.1.2014,6.3.2014,အမှတ်စဉ်( ၇၄ ),https://storage.googleapis.com/staticassets/flags-and-logos/65-flag.png,https://storage.googleapis.com/staticassets/flags-and-logos/65-logo.png,0,ပြည်ထောင်စုတစ်ဝန်းလုံး,အမှတ်(၃၉၃)၊ လမ်းမကြီး လမ်းမတော် တောင် ရပ်ကွက်၊ စစ်တွေမြို့၊ ရခိုင်ပြည်နယ်။,၀၉-၄၂၀၁၀၂၃၆၈(ဦးအေးသာအောင်)၊ ၀၉-၄၃၀၃၄၁၁၁ (ဒေါက်တာအေးမောင်),,,
66,ချင်းဒီမိုကရေစီအဖွဲ့ချုပ်,,,11.4.2014,ဦးငိုင်ဆော့ခ် ပါ (၂၀)ဦး,ဦးငိုင်ဆော့ခ်၊ ဆလိုင်းဝုမ်ဇပြောင်,6.6.2014,16.6.2014,15.7.2014,အမှတ်စဉ်( ၇၅ ),https://storage.googleapis.com/staticassets/flags-and-logos/66-flag.png,https://storage.googleapis.com/staticassets/flags-and-logos/66-logo.png,0,ပြည်ထောင်စုတစ်ဝန်းလုံး,အမှတ်(၁၀၉၇) ၊ ပြည်ထောင်စုလမ်းမ ၊ (၄၅)ရပ်ကွက် ၊ ဒဂုံမြို့သစ် (မြောက်ပိုင်း) မြို့နယ်,၀၉-၅၁၆၀၇၈၄၊၀၉၈၆၁၈၉၆(ဦးငိုင်ဆော့ခ်),http://uecmyanmar.org/images/stories/pdf/chindemocrayparty66.pdf,,
67,ခူမီး(ခမီး)အမျိုးသားပါတီ,[KHUMI (KHAMI) NATIONAL PARTY],,25.11.2013,ဦးကျော်ထွန်း ပါ (၁၆)ဦး,ဦးကျော်ထွန်း၊ ဦးပြင်အောင်,23.5.2014,10.6.2014,16.7.2014,အမှတ်စဉ်( ၇၆ ),https://storage.googleapis.com/staticassets/flags-and-logos/67-flag.png,https://storage.googleapis.com/staticassets/flags-and-logos/67-logo.png,0,ချင်းပြည်နယ်အတွင်း,အမှတ်(၆)၊ ဆိပ်ကမ်းသာလမ်း၊ ရိက္ခာရပ်ကွက်၊ ပလက်ဝမြို့နယ်၊ ချင်းပြည်နယ်။,ဦးအေးထွန်း (ဖုန်း) ၀၉-၄၉၆၇၈၈၃၀ဖက်စ်-၃၃၃၁၄၅၁ ၊ ၃၃၃၁၄၅၂,http://uecmyanmar.org/images/stories/pdf/khumee67.pdf,,
68,လူ့ဘောင်သစ် ဒီမိုကရက်တစ် ပါတီ,Democratic Party For a New Society,,17-12-2013,(၂၁) ဦး,ဦးအောင်မိုးဇော်၊ ဦးမြင့်နိုင် (ခ) ခွန်ရဲသွေး,12-5-2014,20-5-2014,24-10-2014,အမှတ်စဉ်( ၇၇ ),https://storage.googleapis.com/staticassets/flags-and-logos/68-flag.png,https://storage.googleapis.com/staticassets/flags-and-logos/68-logo.png,0,ပြည်ထောင်စုတစ်ဝန်းလုံး,အမှတ်(၂၅၁)၊ တတိယထပ်၊ ဆိပ်ကမ်းသာလမ်း၊ ကျောက်တံတားမြို့နယ်,၀၉-၄၂၀၁၄၈၅၀၁ ၊ ၀၉-၃၁၁၀၆၂၄၂,,,
69,ကရင် အမျိုးသား ပါတီ,Karen National Party,,2-6-2014,(၁၅)ဦး,မန်းကျော်ငြိမ်း၊ မန်းမြင့်စိုး,16-7-2014,11-8-2014,24-10-2014,အမှတ်စဉ်(၇၈),https://storage.googleapis.com/staticassets/flags-and-logos/69-flag.png,https://storage.googleapis.com/staticassets/flags-and-logos/69-logo.png,0,ပြည်ထောင်စုတစ်ဝန်းလုံး,အမှတ်(၆၃၆)၊ ခဝဲခြံ(၁) လမ်း၊ အနောက် ကြို့ကုန်းရပ်ကွက်၊ အင်းစိန် မြို့နယ်၊,၀၉-၄၉၃၂၉၈၄၉၊ ၀၉-၄၄၈၀၂၁၉၂၃,,,
70,မြန်မာနိုင်ငံ တောင်သူ လယ်သမား၊အလုပ်သမား ပြည်သူ့ပါတီ,People`s Party of Myanmar Farmers And Workers,,24-7-2014,(၂၂)ဦး,ဦးအောင်မျိုးခိုင်၊ ဦးကိုကိုလွင်,22-9-2014,14-10-2014,9-12-2014,အမှတ်စဉ်( ၇၉ ),https://storage.googleapis.com/staticassets/flags-and-logos/70-flag.png,https://storage.googleapis.com/staticassets/flags-and-logos/70-logo.png,0,ပြည်ထောင်စုတစ်ဝန်းလုံး,အမှတ်(၂)၊ တကောင်းဘုရားလမ်း၊ (၄)ရပ်ကွက်၊ ပုသိမ်မြို့၊ ဧရာဝတီတိုင်းဒေသကြီး,၀၉-၄၂၂၅၂၉၀၆၉ (ဦးအောင်မျိုးခိုင်)၀၉-၄၉၇၆၄၅၇၃(ဦးကိုကိုလွင်),http://uecmyanmar.org/images/stories/pdf/79%20PPMFW.pdf,,
71,မြိုအမျိုးသားဒီမိုကရေစီပါတီ,Mro National Democracy Party,MNDP,26.8.2014,၂၃ ဦး,ဦးမောင်မြထွန်း၊ဦးမောင်စံအောင်,18.12.2014,6.1.2015,9.2.2015,အမှတ်စဉ် (၈၀),https://storage.googleapis.com/staticassets/flags-and-logos/71-flag.png,https://storage.googleapis.com/staticassets/flags-and-logos/71-logo.png,0,ပြည်ထောင်စုတစ်ဝန်းလုံး,အမှတ် (၁၄၄)၊ ဗုဒ္ဓဂါယာရပ်ကွက်၊ မြို့သစ်ရပ်၊ အောင်တပ် ရပ်ကွက်၊ မြောက်ဦးမြို့၊ ရခိုင်ပြည်နယ်,၀၉-၇၃၀၅၀၇၄၃ (ဦးမောင်မြထွန်း),http://uecmyanmar.org/images/stories/pdf/71%20-%20MNDP.pdf,,
72,ဓနုအမျိုးသားများအဖွဲ့ချုပ်ပါတီ,Danu National Organization Party,,30.10.2014,ဦးခင်မောင်ညို ပါ (၃၆) ဦး,ဒေါ်ချောနု၊ဒေါ်လေးလေးဖြူ,9.2.2015,27.2.2015,27.4.2015,အမှတ်စဉ် (၈၁),https://storage.googleapis.com/staticassets/flags-and-logos/72-flag.png,https://storage.googleapis.com/staticassets/flags-and-logos/72-logo.png,0,ရှမ်းပြည်နယ်အတွင်း,အိမ်အမှတ် (ဈ-၃၄၈)၊ သစ္စာလမ်း၊ စျေးတန်း (တောင်ပိုင်း) ရပ်ကွက်၊ ရွာငံမြို့၊ ရှမ်းပြည်နယ်,၀၉ - ၄၉ ၃၅ ၇၈၄၄,http://uecmyanmar.org/images/stories/pdf/72%20-%20Danu%20National%20Organization%20Party.pdf,,
73,ပြည်သူ့အကျိုးပြုကျောင်းသားများဒီမိုကရေစီပါတီ,Public Contribute Students Democracy Party,,25.11.2014,ဦးမင်းမင်းထွန်းပါ (၂၀) ဦး,ဦးမင်းမင်းထွန်း၊ဦးဌေးအောင်,9.3.2015,17.3.2015,28.4.2015,အမှတ်စဉ် (၈၂),https://storage.googleapis.com/staticassets/flags-and-logos/73-flag.png,https://storage.googleapis.com/staticassets/flags-and-logos/73-logo.png,0,ပြည်ထောင်စုတစ်ဝန်းလုံး,အမှတ် (၃၆၆/က)၊ ဦးပုညလမ်း၊ အမှတ် (၈) ရပ်ကွက်၊ လှိုင်သာယာမြို့နယ်၊ ရန်ကုန်တိုင်းဒေသကြီး,၀၉ - ၄၂ ၁၀ ၃၇၉၈၈ (ဦးမင်းမင်းထွန်း)၀၉ - ၄၂၀၀ ၂၀၀ ၈၃ (ဦးအောင်ဆန်း),http://uecmyanmar.org/images/stories/pdf/73%20-%20PCStudentsDP.pdf,,
74,လမ်းပြကြယ်ပါတီ,Guiding Star Party,,27.8.2014,ဦးအေးမြင့်ပါ (၁၇) ဦး,ဦးအေးမြင့်၊ ဦးထွန်းနိုင် (ခ) ဦးတိုးနိုင်,6.3.2015,25.3.2015,20.5.2015,အမှတ်စဉ် (၈၃),https://storage.googleapis.com/staticassets/flags-and-logos/74-flag.png,https://storage.googleapis.com/staticassets/flags-and-logos/74-logo.png,0,ပြည်ထောင်စုတစ်ဝန်းလုံး,အမှတ်(၁၅၃၆)၊ (၆) လမ်း၊ အလင်းရောင် (၁) ရပ်ကွက်၊ ပဲခူးမြို့ ၊ ပဲခူးတိုင်းဒေသကြီး,၀၉ - ၄၂၈၁ ၆၈၂၉၇ (ဦးခင်ဇော်)၊ ၀၅၄ - ၄၀၀၂၂ (ဖက်စ်),http://uecmyanmar.org/images/stories/pdf/74%20-%20GSP.pdf,,
75,ရှမ်းနီ (တိုင်းလိုင်) နှင့် မြောက်ပိုင်းရှမ်းမျိုးနွယ်စုများ သွေးစည်းညီညွတ်ရေးပါတီ,Shan-ni & Northern Shan ethnics solidarity party,S.N.S.P,19.11.2014,ဦးခင်မောင်စန်းပါ (၁၉) ဦး,ဦးစောဝင်းထွန်း၊ ဦးအောင်ခင်း,9.3.2015,25.3.2015,20.5.2015,အမှတ်စဉ် (၈၄),https://storage.googleapis.com/staticassets/flags-and-logos/75-flag.png,https://storage.googleapis.com/staticassets/flags-and-logos/75-logo.png,0,ပြည်ထောင်စုတစ်ဝန်းလုံး,အမှတ် (ဓ-၁/၇၀-ခ)၊ ကံ့ကော်လမ်း၊ ၄၀x၄၁ နှင့် ၆၇x၆၈ လမ်းကြား၊ မဟာမြိုင် (၁) ရပ်ကွက်၊ မဟာအောင်မြေမြို့နယ်၊ မန္တလေးတိုင်းဒေသကြီး,၀၉- ၉၁၀၁၀၃၁၅၊ ၀၉-၂၀၁၆၉၁၆ (ဦးစော၀င်းထွန်း)၊ ၀၉-၅၁၉ ၂၇၀၀ (ဦးအောင်ခင်း),http://uecmyanmar.org/images/stories/pdf/Shan%20Ni-75.pdf,,
76,လူ့ဘောင်သစ်ပါတီ,New Society Party,,4.3.2014,ဦးဇေယျပါ (၁၆) ဦး,ဦးဇေယျ၊ ဦးကျော်လင်း,6.3.2015,9.3.2015,3.6.2015,အမှတ်စဉ် (၈၅),https://storage.googleapis.com/staticassets/flags-and-logos/76-flag.png,https://storage.googleapis.com/staticassets/flags-and-logos/76-logo.png,0,ပြည်ထောင်စုတစ်ဝန်းလုံး,အမှတ် (၁၀၆/၁၀၈)၊မြန်မာ့ဂုဏ်ရည်လမ်း (၉၁ လမ်းထိပ်)၊ မင်္ဂလာတောင်ညွန့်မြို့နယ်၊ ရန်ကုန်တိုင်းဒေသကြီး,၀၉- ၇၃၂၄ ၈၅၆၇ (ဦးဇေယျ),http://uecmyanmar.org/images/stories/pdf/76%20-%20NSP.pdf,,
77,အင်းတိုင်းရင်းသားအဖွဲ့ချုပ်ပါတီ,,,5.1.2015,ဦးသာဒိုးပါ (၁၅) ဦး,ဦးတင်အောင်ကျော်၊ ဦးမင်းဆွေ,28.4.2015,5.5.2015,9.6.2015,အမှတ်စဉ် (၈၆),https://storage.googleapis.com/staticassets/flags-and-logos/77-flag.png,https://storage.googleapis.com/staticassets/flags-and-logos/77-logo.png,,ရှမ်းပြည်နယ်အတွင်း,စည်ပင်နောက်လမ်း၊ ဝင်းရပ် (၁) အကွက်၊ ညောင်ရွှေမြို့နယ်၊ ရှမ်းပြည်နယ်,၀၉- ၃၆၀၅၁၁၂၇၊ ၃၆၁၆၇၆၇၈,http://uecmyanmar.org/images/stories/pdf/77-INO.pdf,,
78,၈၈ မျိုးဆက်ဒီမိုကရေစီပါတီ,88 Generation Democracy Party,,28.7.2014,ဦးစိုးမြင့်ပါ(၁၉) ဦး,ဦးစိုးမြင့်၊ ဦးမင်းဆွေ,27.4.2015,20.5.2015,16.6.2015,အမှတ်စဉ် (၈၇),https://storage.googleapis.com/staticassets/flags-and-logos/78-flag.png,https://storage.googleapis.com/staticassets/flags-and-logos/78-logo.png,,ပြည်ထောင်စုတစ်ဝန်းလုံး,အမှတ် (၁၃၃)၊ ငန်းတေးလမ်းမကြီး၊ မော်လမြိုင်မြို့ ၊ မွန်ပြည်နယ်,၀၉- ၃၃၃ ၅၁၈၃၂ ( ဦးစိုးမြင့် ),http://uecmyanmar.org/images/stories/pdf/78%20-%2088%20GDP.pdf,,
79,စည်းလုံးညီညွတ်သောကရင်အမျိုးသားဒီမိုကရက်တစ်ပါတီ,KAYIN UNITY DEMOCRATIC PARTY,K.U.D.P,21.1.2015,ဦးလှကြိုင်ပါ(၁၉) ဦး,ဦးဝင်းမြင့်ကျော်၊ ဦးမြတ်စိုး,20.5.2015,27.5.2015,17.6.2015,အမှတ်စဉ် (၈၈),https://storage.googleapis.com/staticassets/flags-and-logos/79-flag.png,https://storage.googleapis.com/staticassets/flags-and-logos/79-logo.png,,ကရင်ပြည်နယ်အတွင်း,ဗိုလ်ချုပ်လမ်း၊ ရတနာဒီပအမှတ် (၉) ရပ်ကွက်၊ ဘားအံမြို့ ၊ ကရင်ပြည်နယ်,၀၅၈-၂၁၈၄၂ ( ဦးမြတ်စိုး ),http://uecmyanmar.org/images/stories/pdf/79%20-%20K.U.D.P.pdf,,
80,လော်ဝေါ်အမျိုးသားစည်းလုံးညီညွတ်ရေးနှင့်ဖွံ့ဖြိုးရေးပါတီ,Lhaovo National Unity and Development Party ,LNUDP,23.2.2015,ဦးဒေါင်ခမ်ပါ(၂၁) ဦး,ဦးဒေါင်ခမ်၊ ဦးဒေးဝိ (ခ) ဦးဇောင်းခေါင်,28.5.2015,4.6.2015,29.6.2015,အမှတ်စဉ် (၈၉),https://storage.googleapis.com/staticassets/flags-and-logos/80-flag.png,https://storage.googleapis.com/staticassets/flags-and-logos/80-logo.png,,ပြည်ထောင်စုတစ်ဝန်းလုံး,အမှတ် (၈၁)၊ ရပ်ကွက် (၂)၊ ဝိုင်းမော်မြို့ ၊ ကချင်ပြည်နယ်,၀၉-၄၀၀၀ ၄၁၀၃၇  (ဦးဒေါင်ခေါင်)၊ ၀၉-၄၇၁၀ ၆၉၂၇ (ဦးဒေးဝိဒ်),http://uecmyanmar.org/images/stories/pdf/80-LNUDP%20Constituation.pdf,,
81,ခေတ်သစ်ပြည်ထောင်စုပါတီ,New Era Union Party,,24.12.2014,ဒေါက်တာကံထွန်းပါ (၁၆) ဦး,ဦးအောင်သန်း၊ ဦးသန်းထွန်း,28.4.2015,27.5.2015,30.6.2015,အမှတ်စဉ် (၉၀),https://storage.googleapis.com/staticassets/flags-and-logos/81-flag.png,https://storage.googleapis.com/staticassets/flags-and-logos/81-logo.png,,ပြည်ထောင်စုတစ်ဝန်းလုံး,အမှတ် (၆၄၇)၊ ကုန်သည်လမ်း၊ (၃) ရပ်ကွက်၊ ပန်းဘဲတန်းမြို့နယ်၊ ရန်ကုန်တိုင်းဒေသကြီး,၀၉- ၈၆၃၁၅၁၆ ( ဦးအောင်သန်း ),http://uecmyanmar.org/images/stories/pdf/81%20-%20New%20Era.pdf,,
82,ရှမ်းပြည်နယ်အရှေ့ပိုင်းဖွံ့ဖြိုးတိုးတက်ရေးဒီမိုကရက်တစ်ပါတီ,Eastern Shan State Development Democratic Party,,18.2.2015,ဦးစိုင်းဟောင်ခမ်းပါ(၁၅) ဦး,ဦးဟောင်ခမ်း၊ ဦးစိုင်းစိုင်းလုံ,28.5.2015,3.6.2015,2.7.2015,အမှတ်စဉ် (၉၁),https://storage.googleapis.com/staticassets/flags-and-logos/82-flag.png,https://storage.googleapis.com/staticassets/flags-and-logos/82-logo.png,,ရှမ်းပြည်နယ်အတွင်း,အမှတ်(၁/က)၊ တာချီလိတ်လမ်း၊ ဟိုခုံရပ်၊ ရပ်ကွက် (၃)၊ ကျိုင်းတုံမြို့ ၊ ရှမ်းပြည်နယ်,၀၉ - ၅၂၅၀၆၇၅ (ဦးဟောင်ခမ်း) ၊ ၀၉ - ၄၂၈၂၁၃၆၅၇ (ဦးစိုင်းစိုင်းလုံ),http://uecmyanmar.org/images/stories/pdf/82%20-%20Eastern%20Shan.pdf,,
83,မဟာမိတ်တောင်သူလယ်သမားပါတီ,Confederate Farmers Party,C.F.P,16.10.2014,ဦးဆန်းလင်းပါ(၂၀) ဦး,ဦးဆန်းလင်း၊ ဦးတင်အေး,20.5.2015,1.6.2015,2.7.2015,အမှတ်စဉ် (၉၂),https://storage.googleapis.com/staticassets/flags-and-logos/83-flag.png,https://storage.googleapis.com/staticassets/flags-and-logos/83-logo.png,,ပြည်ထောင်စုတစ်ဝန်းလုံး,အမှတ်(၂၆၂၆)၊ အင်းဝင် (၄) လမ်း၊ နန်းတော်ရာရပ်ကွက်၊ ပဲခူးမြို့ ၊ ပဲခူးတိုင်းဒေသကြီး,၀၉ - ၂၅၀၂၀၈၈၁၆ (ဦးဆန်းလင်း) ၊ ၀၉ - ၈၆၅၂၄၇၄ (ဦးတင်အေး),http://uecmyanmar.org/images/stories/pdf/83%20-%20%20C.F.P.pdf,,
84,အာခါအမျိုးသားဖွံ့ဖြိုးတိုးတက်ရေးပါတီ,Akha National Development Party,,22-4-2015,ဦးထွန်းအောင်ပါ(၁၅) ဦး,ဦးထွန်းအောင်၊ ဦးအားလယ်,15.6.2015,15.6.2015,8.7.2015,အမှတ်စဉ် (၉၃),https://storage.googleapis.com/staticassets/flags-and-logos/84-flag.png,https://storage.googleapis.com/staticassets/flags-and-logos/84-logo.png,,ရှမ်းပြည်နယ်အတွင်း,အမှတ်(၃/၁၀)၊ (၃) လမ်း၊ မယ်ခေါင်ရပ်၊ တာချီလိတ်မြို့နယ်၊ ရှမ်းပြည်နယ်,၀၉-၅၂၄၂၃၅၁၊ ၀၉-၂၅၀၂၀၈၈၁၆ (ဦးအားလယ်),http://uecmyanmar.org/images/stories/pdf/84%20-%20Akha.pdf,,
85,ဇိုတိုင်းရင်းသားဒေသဖွံ့ဖြိုးရေးပါတီ,Zo National Region Development,,12.3.2015,ဦးခမ်အင်ထန်းပါ(၁၅) ဦး,ဦးခမ်အင်ထန်း၊ ဦးကျင်ရှင်းကပ်,28.5.2015,11.6.2015,5.7.2015,အမှတ်စဉ် (၉၄),https://storage.googleapis.com/staticassets/flags-and-logos/85-flag.png,https://storage.googleapis.com/staticassets/flags-and-logos/85-logo.png,,ပြည်ထောင်စုတစ်ဝန်းလုံး,အမှတ် (၁၅၀)(၅ လွှာ)A၊ စမ်းချောင်းလမ်း၊ ရှင်စောပုရပ်ကွက်၊ မြေနီကုန်း၊ ရန်ကုန်တိုင်းဒေသကြီး,၀၉ - ၉၇၆၃၃၉၅၁၇ (ဦးခမ်အင်ထန်း),http://uecmyanmar.org/images/stories/pdf/85-Z.N.R.Ds%20Policy.pdf,,
86,အမျိုးသားတိုးတက်ရေးပါတီ,National Development Party,,20.3.2015,ဦးအောင်ထွေးပါ (၁၅) ဦး,ဦးအောင်ထွေး၊ ဒေါ်နန်းဟွမ်နွမ်းခမ်း,5.6.2015,16.6.2015,5.7.2015,အမှတ်စဉ် (၉၅),https://storage.googleapis.com/staticassets/flags-and-logos/86-flag.png,https://storage.googleapis.com/staticassets/flags-and-logos/86-logo.png,,ပြည်ထောင်စုတစ်ဝန်းလုံး,အမှတ် (၂၀၄) ၊ တိုက်အမှတ် (စီ)၊ မြင်သာအိမ်ရာစီမံကိန်း၊ (၁၄) ရပ်ကွက်၊ တောင်ဥက္ကလာပမြို့နယ်၊ ရန်ကုန်တိုင်းဒေသကြီး,၀၉ - ၄၃၁၇၆၂၂၆ (ဦးအောင်ထွေး),http://uecmyanmar.org/images/stories/pdf/86%20-%20NDP.pdf,,
87,အမျိုးသမီးပါတီ (မွန်),Women Party (Mon),,24.10.2014,ဒေါ်နွယ်နီစိုးပါ(၁၅) ဦး,ဒေါ်မိသန်းရှင်၊ ဒေါ်နီနီလွင်,28.5.2015,16.6.2015,15.7.2015,အမှတ်စဉ် (၉၆),https://storage.googleapis.com/staticassets/flags-and-logos/87-flag.png,https://storage.googleapis.com/staticassets/flags-and-logos/87-logo.png,,ပြည်ထောင်စုတစ်ဝန်းလုံး,အမှတ် (၁၇) ၊ ဗိုလ်ချုပ်အောင်ဆန်းလမ်း၊ မြိုင်သာယာရပ်ကွက်၊ မော်လမြိုင်မြို့၊ မွန်ပြည်နယ်,၀၉-၄၂၅၂၈၃၅၂၇ (ဒေါ်မိသန်းရှင်),http://uecmyanmar.org/images/stories/pdf/87%20-%20WP.pdf,,
88,ရခိုင်မျိုးချစ်ပါတီ,Arakan Patriot Party,,27.2.2015,ဦးမောင်မောင်စောပါ(၁၆) ဦး,ဦးမောင်မောင်စော၊ ဦးဇော်ဝင်းထွန်း,28.5.2015,18.6.2015,15.7.2015,အမှတ်စဉ် (၉၇),https://storage.googleapis.com/staticassets/flags-and-logos/88-flag.png,https://storage.googleapis.com/staticassets/flags-and-logos/88-logo.png,,ပြည်ထောင်စုတစ်ဝန်းလုံး,အမှတ် (၃၂) ၊ ဈေးလမ်းနှင့် သာဇံလှလမ်းထောင့်၊ ကျေးပင်ကြီးရပ်ကွက်၊ စစ်တွေမြို့၊ ရခိုင်ပြည်နယ်,၀၉-၄၅၀၅၄၃၀၆၁ (ဦးမောင်မောင်စော)၊ ၀၉-၈၅၀၀၅၅၁ (ဦးဇော်ဝင်းထွန်း),http://uecmyanmar.org/images/stories/pdf/88-APP%20Rule.pdf,,
89,စေ့စပ်ညှိနှိုင်းရေးနှင့် တည်ငြိမ်အေးချမ်းရေးပါတီ,Negotiation Stability and Peace Party ,NSPP,8.4.2015,ဦးမျိုးမင်းထွန်း(ခ)ပါစီပြည်ဟိန်းပါ(၁၇) ဦး,ဦးမျိုးမင်းထွန်း(ခ)ပါစီပြည်ဟိန်း၊ ဦးဇော်ဝင်း,23.6.2015,1.7.2015,23.7.2015,အမှတ်စဉ် (၉၈),https://storage.googleapis.com/staticassets/flags-and-logos/89-flag.png,https://storage.googleapis.com/staticassets/flags-and-logos/89-logo.png,,ပြည်ထောင်စုတစ်ဝန်းလုံး,အမှတ် (၄/၃၆၁)၊ ကာယ (၁၂) လမ်း၊ သင်္ဃန်းကျွန်းကြီး၊ မင်္ဂလာဒုံမြို့နယ်၊ ရန်ကုန်တိုင်းဒေသကြီး,၀၉-၄၅၀၅၄၃၀၆၁ (ဦးမောင်မောင်စော)၊၀၉-၈၅၀၀၅၅၁ (ဦးဇော်ဝင်းထွန်း),http://uecmyanmar.org/images/stories/pdf/89%20-%20NSPP.pdf,,
90,ပြည်ထောင်စုလယ်သမားအလုပ်သမားအင်အားစုပါတီ,Union Farmer Force Party,,29.4.2015,ဦးမင်းသူပါ (၁၇) ဦး,ဦးမင်းသူ၊ ဦးကျော်မြင့်,2.7.2015,13.7.2015,4.8.2015,အမှတ်စဉ် (၉၉),https://storage.googleapis.com/staticassets/flags-and-logos/90-flag.png,https://storage.googleapis.com/staticassets/flags-and-logos/90-logo.png,,ပြည်ထောင်စုတစ်ဝန်းလုံး,အမှတ် (၄၇၈)၊ နန်းတော်ကုန်း (၁) လမ်း၊ နန်းတော်ရာရပ်ကွက်၊ ပဲခူးမြို့ ၊ ပဲခူးတိုင်းဒေသကြီး,၀၉-၄၅၈၀၂၁၂၃၃၊ ၀၉-၃၃၈၇၇၅၁၁ (ဦးမင်းသူ),http://uecmyanmar.org/images/stories/pdf/90%20-%20Union%20Farmer%20Force%20Party.pdf,,
91,ဒိုင်းနက်လူမျိုးများတိုးတက်ရေးပါတီ,Daingnet National Development Party,D.N.D.P,20.3.2015,ဦးအောင်ကျော်ဇော်ပါ (၁၇) ဦး,ဦးအောင်ကျော်ဇော်၊ ဦးထွန်းအေးမောင်,9.7.2015,23.7.2015,27.8.2015,အမှတ်စဉ် (၁၀၀),https://storage.googleapis.com/staticassets/flags-and-logos/91-flag.png,https://storage.googleapis.com/staticassets/flags-and-logos/91-logo.png,,ရခိုင်ပြည်နယ်အတွင်း,အမှတ် (၅၉၃)၊ မင်းစောမွန်လမ်း၊ အမှတ် (၄) (သပြေကုန်း) ရပ်ကွက်၊ ဘူးသီးတောင်မြို့၊ ရခိုင်ပြည်နယ် (ယာယီ),၀၉-၂၅၀၃၂၆၆၇၆ (ဦးအောင်ကျော်ဇော),http://uecmyanmar.org/images/stories/pdf/91-Daingnet%20National%20Development%20Party%20D.N.D.P%201.pdf,,
92,"""ဝ""လစ်ဘရယ်ဒီမိုကရက်တစ်တိုးတက်ဖွံ့ဖြိုးရေးပါတီ",Wa Liberal Democratic Development Party,,10.8.2016,ဦးဆိုင်းပေါင်းနပ် ပါ(၁၇) ဦး,ဦးဆိုင်းပေါင်းနပ်၊ ဦးဂျစ်ဆိန်း,5.10.2016,14.10.2016,18.11.1016,အမှတ်စဉ်( ၁၀၁ ),https://storage.googleapis.com/staticassets/flags-and-logos/93-flag.jpg,https://storage.googleapis.com/staticassets/flags-and-logos/93-logo.jpg,,ရှမ်းပြည်နယ်အတွင်း,အမှတ် (၁/ က)၊ တက္ကသိုလ်ရိပ်သာလမ်း၊ ရပ်ကွက်(၁)၊ နယ်မြေ(၂)၊ လားရှိုးမြို့နယ်၊ ရှမ်းပြည်နယ်,၀၉-၅၂၆၁၄၀၁( ဦးဆိုင်းပေါင်းနပ် ),http://uecmyanmar.org/images/stories/political/13-1-2017/101WaLiberalDemocraticDevelopmentParty.pdf,,